SignalControlNumber,Color,Sequence,ColorTime,,,,,,,,,,,,,,,,,,,,,,,,,
1,1,황색등화,0,,,,,,,,,,,,,,,,,,,,,,,,,
2,1,황색등화,0,,,,,,,,,,,,,,,,,,,,,,,,,
3,1,황색등화,0,,,,,,,,,,,,,,,,,,,,,,,,,
4,1,황색등화,0,,,,,,,,,,,,,,,,,,,,,,,,,
5,1,황색등화,0,,,,,,,,,,,,,,,,,,,,,,,,,
6,1,황색등화,0,,,,,,,,,,,,,,,,,,,,,,,,,
7,1,황색등화,0,,,,,,,,,,,,,,,,,,,,,,,,,
8,1,황색등화,0,,,,,,,,,,,,,,,,,,,,,,,,,
9,1,황색등화,0,,,,,,,,,,,,,,,,,,,,,,,,,
10,1,황색등화,0,,,,,,,,,,,,,,,,,,,,,,,,,
11,1,황색등화,0,,,,,,,,,,,,,,,,,,,,,,,,,
12,1,황색등화,0,,,,,,,,,,,,,,,,,,,,,,,,,
13,1,황색등화,0,,,,,,,,,,,,,,,,,,,,,,,,,
14,1,황색등화,0,,,,,,,,,,,,,,,,,,,,,,,,,
15,3,녹색등화,88,,,,,,,,,,,,,,,,,,,,,,,,,
15,3,황색등화,3,,,,,,,,,,,,,,,,,,,,,,,,,
15,3,적색등화,24,,,,,,,,,,,,,,,,,,,,,,,,,
16,3,녹색등화,88,,,,,,,,,,,,,,,,,,,,,,,,,
16,3,황색등화,3,,,,,,,,,,,,,,,,,,,,,,,,,
16,3,적색등화,24,,,,,,,,,,,,,,,,,,,,,,,,,
17,3,녹색등화,88,,,,,,,,,,,,,,,,,,,,,,,,,
17,3,황색등화,3,,,,,,,,,,,,,,,,,,,,,,,,,
17,3,적색등화,24,,,,,,,,,,,,,,,,,,,,,,,,,
18,2,녹색등화,21,,,,,,,,,,,,,,,,,,,,,,,,,
18,2,적색등화,90,,,,,,,,,,,,,,,,,,,,,,,,,
19,3,녹색화살표/적색등화,22,,,,,,,,,,,,,,,,,,,,,,,,,
19,3,황색등화/적색등화,3,,,,,,,,,,,,,,,,,,,,,,,,,
19,3,적색등화,89,,,,,,,,,,,,,,,,,,,,,,,,,
20,3,녹색화살표/적색등화,22,,,,,,,,,,,,,,,,,,,,,,,,,
20,3,황색등화,3,,,,,,,,,,,,,,,,,,,,,,,,,
20,3,적색등화,89,,,,,,,,,,,,,,,,,,,,,,,,,
21,1,황색등화,0,,,,,,,,,,,,,,,,,,,,,,,,,
22,1,황색등화,0,,,,,,,,,,,,,,,,,,,,,,,,,
23,1,황색등화,0,,,,,,,,,,,,,,,,,,,,,,,,,
24,1,황색등화,0,,,,,,,,,,,,,,,,,,,,,,,,,
25,1,황색등화,0,,,,,,,,,,,,,,,,,,,,,,,,,67
26,1,황색등화,0,,,,,,,,,,,,,,,,,,,,,,,,,67
27,1,황색등화,0,,,,,,,,,,,,,,,,,,,,,,,,,70
28,1,황색등화,0,,,,,,,,,,,,,,,,,,,,,,,,,
29,1,황색등화,0,,,,,,,,,,,,,,,,,,,,,,,,,70
30,1,황색등화,0,,,,,,,,,,,,,,,,,,,,,,,,,70
31,1,황색등화,0,,,,,,,,,,,,,,,,,,,,,,,,,67
32,1,황색등화,0,,,,,,,,,,,,,,,,,,,,,,,,,
33,2,녹색등화,31,,,,,,,,,,,,,,,,,,,,,,,,,
33,2,적색등화,32,,,,,,,,,,,,,,,,,,,,,,,,,
34,4,녹색등화/녹색화살표,29,,,,,,,,,,,,,,,,,,,,,,,,,
34,4,황색등화,2,,,,,,,,,,,,,,,,,,,,,,,,,
34,4,적색등화,112,,,,,,,,,,,,,,,,,,,,,,,,,
35,3,녹색등화/녹색화살표,29,,,,,,,,,,,,,,,,,,,,,,,,,
35,3,황색등화,2,,,,,,,,,,,,,,,,,,,,,,,,,
35,3,적색등화,112,,,,,,,,,,,,,,,,,,,,,,,,,
36,5,녹색등화,62,,,,,,,,,,,,,,,,,,,,,,,,,
36,5,황색등화,5,,,,,,,,,,,,,,,,,,,,,,,,,
36,5,적색등화/녹색화살표,11,,,,,,,,,,,,,,,,,,,,,,,,,
36,5,적색등화/황색등화,3,,,,,,,,,,,,,,,,,,,,,,,,,
36,5,적색등화,67,,,,,,,,,,,,,,,,,,,,,,,,,
37,5,녹색등화,62,,,,,,,,,,,,,,,,,,,,,,,,,
37,5,황색등화,5,,,,,,,,,,,,,,,,,,,,,,,,,
37,5,적색등화/녹색화살표,11,,,,,,,,,,,,,,,,,,,,,,,,,
37,5,적색등화/황색등화,3,,,,,,,,,,,,,,,,,,,,,,,,,
37,5,적색등화,67,,,,,,,,,,,,,,,,,,,,,,,,,
38,5,녹색등화,61,,,,,,,,,,,,,,,,,,,,,,,,,
38,5,황색등화,3,,,,,,,,,,,,,,,,,,,,,,,,,
38,5,적색등화/녹색화살표,12,,,,,,,,,,,,,,,,,,,,,,,,,
38,5,적색등화/황색등화,3,,,,,,,,,,,,,,,,,,,,,,,,,
38,5,적색등화,70,,,,,,,,,,,,,,,,,,,,,,,,,
39,2,녹색등화,31,,,,,,,,,,,,,,,,,,,,,,,,,
39,2,적색등화,32,,,,,,,,,,,,,,,,,,,,,,,,,
40,5,녹색등화,61,,,,,,,,,,,,,,,,,,,,,,,,,
40,5,황색등화,3,,,,,,,,,,,,,,,,,,,,,,,,,
40,5,적색등화/녹색화살표,12,,,,,,,,,,,,,,,,,,,,,,,,,
40,5,적색등화/황색등화,3,,,,,,,,,,,,,,,,,,,,,,,,,
40,5,적색등화,70,,,,,,,,,,,,,,,,,,,,,,,,,
41,5,녹색등화,61,,,,,,,,,,,,,,,,,,,,,,,,,
41,5,황색등화,3,,,,,,,,,,,,,,,,,,,,,,,,,
41,5,적색등화/녹색화살표,12,,,,,,,,,,,,,,,,,,,,,,,,,
41,5,적색등화/황색등화,3,,,,,,,,,,,,,,,,,,,,,,,,,
41,5,적색등화,70,,,,,,,,,,,,,,,,,,,,,,,,,
42,5,녹색등화,62,,,,,,,,,,,,,,,,,,,,,,,,,
42,5,황색등화,5,,,,,,,,,,,,,,,,,,,,,,,,,
42,5,적색등화/녹색화살표,11,,,,,,,,,,,,,,,,,,,,,,,,,
42,5,적색등화/황색등화,3,,,,,,,,,,,,,,,,,,,,,,,,,
42,5,적색등화,67,,,,,,,,,,,,,,,,,,,,,,,,,
43,3,녹색등화/녹색화살표,29,,,,,,,,,,,,,,,,,,,,,,,,,
43,3,황색등화,2,,,,,,,,,,,,,,,,,,,,,,,,,
43,3,적색등화,112,,,,,,,,,,,,,,,,,,,,,,,,,
44,3,녹색등화/녹색화살표,29,,,,,,,,,,,,,,,,,,,,,,,,,
44,3,황색등화,2,,,,,,,,,,,,,,,,,,,,,,,,,
44,3,적색등화,112,,,,,,,,,,,,,,,,,,,,,,,,,
45,1,황색등화,0,,,,,,,,,,,,,,,,,,,,,,,,,
46,1,황색등화,0,,,,,,,,,,,,,,,,,,,,,,,,,
47,1,황색등화,0,,,,,,,,,,,,,,,,,,,,,,,,,
48,1,황색등화,0,,,,,,,,,,,,,,,,,,,,,,,,,
49,1,황색등화,0,,,,,,,,,,,,,,,,,,,,,,,,,
50,1,황색등화,0,,,,,,,,,,,,,,,,,,,,,,,,,
51,1,황색등화,0,,,,,,,,,,,,,,,,,,,,,,,,,
52,1,황색등화,0,,,,,,,,,,,,,,,,,,,,,,,,,
53,2,녹색등화,17,,,,,,,,,,,,,,,,,,,,,,,,,
53,2,적색등화,108,,,,,,,,,,,,,,,,,,,,,,,,,
54,3,녹색등화/녹색화살표,18,,,,,,,,,,,,,,,,,,,,,,,,,
54,3,황색등화,3,,,,,,,,,,,,,,,,,,,,,,,,,
54,3,적색등화,106,,,,,,,,,,,,,,,,,,,,,,,,,
55,3,녹색등화/녹색화살표,43,,,,,,,,,,,,,,,,,,,,,,,,,
55,3,황색등화,3,,,,,,,,,,,,,,,,,,,,,,,,,
55,3,적색등화,88,,,,,,,,,,,,,,,,,,,,,,,,,
56,3,녹색등화/녹색화살표,43,,,,,,,,,,,,,,,,,,,,,,,,,
56,3,황색등화,3,,,,,,,,,,,,,,,,,,,,,,,,,
56,3,적색등화,88,,,,,,,,,,,,,,,,,,,,,,,,,
57,3,녹색등화/녹색화살표,18,,,,,,,,,,,,,,,,,,,,,,,,,
57,3,황색등화,3,,,,,,,,,,,,,,,,,,,,,,,,,
57,3,적색등화,103,,,,,,,,,,,,,,,,,,,,,,,,,
58,3,녹색등화/녹색화살표,18,,,,,,,,,,,,,,,,,,,,,,,,,
58,3,황색등화,3,,,,,,,,,,,,,,,,,,,,,,,,,
58,3,적색등화,103,,,,,,,,,,,,,,,,,,,,,,,,,
59,2,녹색등화,17,,,,,,,,,,,,,,,,,,,,,,,,,
59,2,적색등화,89,,,,,,,,,,,,,,,,,,,,,,,,,
60,2,녹색등화,21,,,,,,,,,,,,,,,,,,,,,,,,,
60,2,적색등화,108,,,,,,,,,,,,,,,,,,,,,,,,,
61,3,녹색등화/녹색화살표,43,,,,,,,,,,,,,,,,,,,,,,,,,
61,3,황색등화,3,,,,,,,,,,,,,,,,,,,,,,,,,
61,3,적색등화,88,,,,,,,,,,,,,,,,,,,,,,,,,
62,3,녹색등화/녹색화살표,43,,,,,,,,,,,,,,,,,,,,,,,,,
62,3,황색등화,3,,,,,,,,,,,,,,,,,,,,,,,,,
62,3,적색등화,88,,,,,,,,,,,,,,,,,,,,,,,,,
63,3,녹색등화/녹색화살표,43,,,,,,,,,,,,,,,,,,,,,,,,,
63,3,황색등화,3,,,,,,,,,,,,,,,,,,,,,,,,,
63,3,적색등화,88,,,,,,,,,,,,,,,,,,,,,,,,,
64,3,녹색등화/녹색화살표,43,,,,,,,,,,,,,,,,,,,,,,,,,
64,3,황색등화,3,,,,,,,,,,,,,,,,,,,,,,,,,
64,3,적색등화,88,,,,,,,,,,,,,,,,,,,,,,,,,
65,3,녹색등화/녹색화살표,18,,,,,,,,,,,,,,,,,,,,,,,,,
65,3,황색등화,3,,,,,,,,,,,,,,,,,,,,,,,,,
65,3,적색등화,103,,,,,,,,,,,,,,,,,,,,,,,,,
66,3,녹색등화/녹색화살표,18,,,,,,,,,,,,,,,,,,,,,,,,,
66,3,황색등화,3,,,,,,,,,,,,,,,,,,,,,,,,,
66,3,적색등화,106,,,,,,,,,,,,,,,,,,,,,,,,,
67,3,녹색등화/녹색화살표,18,,,,,,,,,,,,,,,,,,,,,,,,,
67,3,황색등화,3,,,,,,,,,,,,,,,,,,,,,,,,,
67,3,적색등화,106,,,,,,,,,,,,,,,,,,,,,,,,,
68,1,황색등화,0,,,,,,,,,,,,,,,,,,,,,,,,,
69,1,황색등화,0,,,,,,,,,,,,,,,,,,,,,,,,,
70,1,황색등화,0,,,,,,,,,,,,,,,,,,,,,,,,,
71,1,황색등화,0,,,,,,,,,,,,,,,,,,,,,,,,,
72,1,황색등화,0,,,,,,,,,,,,,,,,,,,,,,,,,
73,2,녹색등화,23,,,,,,,,,,,,,,,,,,,,,,,,,
73,2,적색등화,93,,,,,,,,,,,,,,,,,,,,,,,,,
74,3,녹색등화,88,,,,,,,,,,,,,,,,,,,,,,,,,
74,3,황색등화,3,,,,,,,,,,,,,,,,,,,,,,,,,
74,3,적색등화,24,,,,,,,,,,,,,,,,,,,,,,,,,
75,3,녹색등화,88,,,,,,,,,,,,,,,,,,,,,,,,,
75,3,황색등화,3,,,,,,,,,,,,,,,,,,,,,,,,,
75,3,적색등화,24,,,,,,,,,,,,,,,,,,,,,,,,,
76,3,녹색등화,88,,,,,,,,,,,,,,,,,,,,,,,,,
76,3,황색등화,3,,,,,,,,,,,,,,,,,,,,,,,,,
76,3,적색등화,24,,,,,,,,,,,,,,,,,,,,,,,,,
77,2,황색등화,22,,,,,,,,,,,,,,,,,,,,,,,,,
77,2,황색등화,92,,,,,,,,,,,,,,,,,,,,,,,,,
78,1,황색등화,0,,,,,,,,,,,,,,,,,,,,,,,,,
79,1,황색등화,0,,,,,,,,,,,,,,,,,,,,,,,,,
80,1,황색등화,0,,,,,,,,,,,,,,,,,,,,,,,,,
81,1,황색등화,0,,,,,,,,,,,,,,,,,,,,,,,,,
82,1,황색등화,0,,,,,,,,,,,,,,,,,,,,,,,,,
83,1,황색등화,0,,,,,,,,,,,,,,,,,,,,,,,,,
84,1,황색등화,0,,,,,,,,,,,,,,,,,,,,,,,,,
85,1,황색등화,0,,,,,,,,,,,,,,,,,,,,,,,,,
86,1,황색등화,0,,,,,,,,,,,,,,,,,,,,,,,,,
87,1,황색등화,0,,,,,,,,,,,,,,,,,,,,,,,,,
88,1,황색등화,0,,,,,,,,,,,,,,,,,,,,,,,,,
89,1,황색등화,0,,,,,,,,,,,,,,,,,,,,,,,,,
90,1,황색등화,0,,,,,,,,,,,,,,,,,,,,,,,,,
91,1,황색등화,0,,,,,,,,,,,,,,,,,,,,,,,,,
92,1,황색등화,0,,,,,,,,,,,,,,,,,,,,,,,,,
93,1,황색등화,0,,,,,,,,,,,,,,,,,,,,,,,,,
94,1,황색등화,0,,,,,,,,,,,,,,,,,,,,,,,,,
95,1,황색등화,0,,,,,,,,,,,,,,,,,,,,,,,,,
96,1,황색등화,0,,,,,,,,,,,,,,,,,,,,,,,,,
97,1,황색등화,0,,,,,,,,,,,,,,,,,,,,,,,,,
98,1,황색등화,0,,,,,,,,,,,,,,,,,,,,,,,,,
99,1,황색등화,0,,,,,,,,,,,,,,,,,,,,,,,,,
100,1,황색등화,0,,,,,,,,,,,,,,,,,,,,,,,,,
101,1,황색등화,0,,,,,,,,,,,,,,,,,,,,,,,,,
102,1,황색등화,0,,,,,,,,,,,,,,,,,,,,,,,,,
103,1,황색등화,0,,,,,,,,,,,,,,,,,,,,,,,,,
104,1,황색등화,0,,,,,,,,,,,,,,,,,,,,,,,,,
105,1,황색등화,0,,,,,,,,,,,,,,,,,,,,,,,,,
106,1,황색등화,0,,,,,,,,,,,,,,,,,,,,,,,,,
107,3,적색/녹색화살표등화+황색등화+적색등화,30,,,,,,,,,,,,,,,,,,,,,,,,,
107,3,황색등화,3,,,,,,,,,,,,,,,,,,,,,,,,,41
107,3,적색등화,60,,,,,,,,,,,,,,,,,,,,,,,,,41
108,5,녹색/녹색화살표등화,27,,,,,,,,,,,,,,,,,,,,,,,,,
108,5,녹색/황색등화,3,,,,,,,,,,,,,,,,,,,,,,,,,
108,5,녹색등화,27,,,,,,,,,,,,,,,,,,,,,,,,,
108,5,황색등화,3,,,,,,,,,,,,,,,,,,,,,,,,,41
108,5,적색등화,41,,,,,,,,,,,,,,,,,,,,,,,,,
109,5,녹색/녹색화살표등화,27,,,,,,,,,,,,,,,,,,,,,,,,,
109,5,녹색/황색등화,3,,,,,,,,,,,,,,,,,,,,,,,,,
109,5,녹색등화,27,,,,,,,,,,,,,,,,,,,,,,,,,
109,5,황색등화,3,,,,,,,,,,,,,,,,,,,,,,,,,
109,5,적색등화,41,,,,,,,,,,,,,,,,,,,,,,,,,
110,3,녹색등화,25,,,,,,,,,,,,,,,,,,,,,,,,,
110,3,황색등화,3,,,,,,,,,,,,,,,,,,,,,,,,,
110,3,적색등화,60,,,,,,,,,,,,,,,,,,,,,,,,,
111,3,녹색등화,30,,,,,,,,,,,,,,,,,,,,,,,,,
111,3,황색등화,3,,,,,,,,,,,,,,,,,,,,,,,,,
111,3,적색등화,60,,,,,,,,,,,,,,,,,,,,,,,,,
112,3,녹색등화,30,,,,,,,,,,,,,,,,,,,,,,,,,
112,3,황색등화,3,,,,,,,,,,,,,,,,,,,,,,,,,
112,3,적색등화,60,,,,,,,,,,,,,,,,,,,,,,,,,
113,5,녹색/녹색화살표등화,27,,,,,,,,,,,,,,,,,,,,,,,,,
113,5,녹색/황색등화,3,,,,,,,,,,,,,,,,,,,,,,,,,
113,5,녹색등화,27,,,,,,,,,,,,,,,,,,,,,,,,,
113,5,황색등화,3,,,,,,,,,,,,,,,,,,,,,,,,,
113,5,적색등화,41,,,,,,,,,,,,,,,,,,,,,,,,,
114,3,녹색등화,25,,,,,,,,,,,,,,,,,,,,,,,,,
114,3,황색등화,3,,,,,,,,,,,,,,,,,,,,,,,,,
114,3,적색등화,60,,,,,,,,,,,,,,,,,,,,,,,,,
115,3,녹색등화,25,,,,,,,,,,,,,,,,,,,,,,,,,
115,3,황색등화,3,,,,,,,,,,,,,,,,,,,,,,,,,
115,3,적색등화,60,,,,,,,,,,,,,,,,,,,,,,,,,
116,1,황색등화,0,,,,,,,,,,,,,,,,,,,,,,,,,
117,1,황색등화,0,,,,,,,,,,,,,,,,,,,,,,,,,
118,1,황색등화,0,,,,,,,,,,,,,,,,,,,,,,,,,
119,1,황색등화,0,,,,,,,,,,,,,,,,,,,,,,,,,
120,1,황색등화,0,,,,,,,,,,,,,,,,,,,,,,,,,
121,1,황색등화,0,,,,,,,,,,,,,,,,,,,,,,,,,
122,1,황색등화,0,,,,,,,,,,,,,,,,,,,,,,,,,
123,1,황색등화,0,,,,,,,,,,,,,,,,,,,,,,,,,
124,1,황색등화,0,,,,,,,,,,,,,,,,,,,,,,,,,
125,1,황색등화,0,,,,,,,,,,,,,,,,,,,,,,,,,
126,1,황색등화,0,,,,,,,,,,,,,,,,,,,,,,,,,
127,1,황색등화,0,,,,,,,,,,,,,,,,,,,,,,,,,
128,1,황색등화,0,,,,,,,,,,,,,,,,,,,,,,,,,
129,1,황색등화,0,,,,,,,,,,,,,,,,,,,,,,,,,
130,1,황색등화,0,,,,,,,,,,,,,,,,,,,,,,,,,
131,1,황색등화,0,,,,,,,,,,,,,,,,,,,,,,,,,
132,1,황색등화,0,,,,,,,,,,,,,,,,,,,,,,,,,
133,1,황색등화,0,,,,,,,,,,,,,,,,,,,,,,,,,
134,1,황색등화,0,,,,,,,,,,,,,,,,,,,,,,,,,
135,1,황색등화,0,,,,,,,,,,,,,,,,,,,,,,,,,
136,1,황색등화,0,,,,,,,,,,,,,,,,,,,,,,,,,
137,1,황색등화,0,,,,,,,,,,,,,,,,,,,,,,,,,
138,1,황색등화,0,,,,,,,,,,,,,,,,,,,,,,,,,
139,1,황색등화,0,,,,,,,,,,,,,,,,,,,,,,,,,
140,1,황색등화,0,,,,,,,,,,,,,,,,,,,,,,,,,
141,1,황색등화,0,,,,,,,,,,,,,,,,,,,,,,,,,
142,1,황색등화,0,,,,,,,,,,,,,,,,,,,,,,,,,
143,1,황색등화,0,,,,,,,,,,,,,,,,,,,,,,,,,
144,1,황색등화,0,,,,,,,,,,,,,,,,,,,,,,,,,
145,1,황색등화,0,,,,,,,,,,,,,,,,,,,,,,,,,
146,1,황색등화,0,,,,,,,,,,,,,,,,,,,,,,,,,
147,1,황색등화,0,,,,,,,,,,,,,,,,,,,,,,,,,
148,1,황색등화,0,,,,,,,,,,,,,,,,,,,,,,,,,
149,1,황색등화,0,,,,,,,,,,,,,,,,,,,,,,,,,
150,1,황색등화,0,,,,,,,,,,,,,,,,,,,,,,,,,
151,1,황색등화,0,,,,,,,,,,,,,,,,,,,,,,,,,
152,1,황색등화,0,,,,,,,,,,,,,,,,,,,,,,,,,
153,1,황색등화,0,,,,,,,,,,,,,,,,,,,,,,,,,
154,1,황색등화,0,,,,,,,,,,,,,,,,,,,,,,,,,
155,1,황색등화,0,,,,,,,,,,,,,,,,,,,,,,,,,
156,1,황색등화,0,,,,,,,,,,,,,,,,,,,,,,,,,
157,1,황색등화,0,,,,,,,,,,,,,,,,,,,,,,,,,
158,1,황색등화,0,,,,,,,,,,,,,,,,,,,,,,,,,
159,1,황색등화,0,,,,,,,,,,,,,,,,,,,,,,,,,
160,1,황색등화,0,,,,,,,,,,,,,,,,,,,,,,,,,
161,3,녹색등화,47,,,,,,,,,,,,,,,,,,,,,,,,,
161,3,황색등화,3,,,,,,,,,,,,,,,,,,,,,,,,,
161,3,적색등화,18,,,,,,,,,,,,,,,,,,,,,,,,,
162,3,녹색등화,47,,,,,,,,,,,,,,,,,,,,,,,,,
162,3,황색등화,3,,,,,,,,,,,,,,,,,,,,,,,,,
162,3,적색등화,18,,,,,,,,,,,,,,,,,,,,,,,,,
163,2,황색등화,48,,,,,,,,,,,,,,,,,,,,,,,,,
163,2,황색등화,11,,,,,,,,,,,,,,,,,,,,,,,,,
164,3,녹색등화,47,,,,,,,,,,,,,,,,,,,,,,,,,
164,3,황색등화,3,,,,,,,,,,,,,,,,,,,,,,,,,
164,3,적색등화,18,,,,,,,,,,,,,,,,,,,,,,,,,
165,1,황색등화,0,,,,,,,,,,,,,,,,,,,,,,,,,
166,1,황색등화,0,,,,,,,,,,,,,,,,,,,,,,,,,
167,1,황색등화,0,,,,,,,,,,,,,,,,,,,,,,,,,
168,1,황색등화,0,,,,,,,,,,,,,,,,,,,,,,,,,
169,1,황색등화,0,,,,,,,,,,,,,,,,,,,,,,,,,
170,1,황색등화,0,,,,,,,,,,,,,,,,,,,,,,,,,
171,1,황색등화,0,,,,,,,,,,,,,,,,,,,,,,,,,
172,1,황색등화,0,,,,,,,,,,,,,,,,,,,,,,,,,
173,1,황색등화,0,,,,,,,,,,,,,,,,,,,,,,,,,
174,1,황색등화,0,,,,,,,,,,,,,,,,,,,,,,,,,
175,2,황색등화,0,,,,,,,,,,,,,,,,,,,,,,,,,
176,4,황색등화,0,,,,,,,,,,,,,,,,,,,,,,,,,
177,4,황색등화,0,,,,,,,,,,,,,,,,,,,,,,,,,
178,2,황색등화,0,,,,,,,,,,,,,,,,,,,,,,,,,
179,4,황색등화,0,,,,,,,,,,,,,,,,,,,,,,,,,
180,4,황색등화,0,,,,,,,,,,,,,,,,,,,,,,,,,
181,4,황색등화,0,,,,,,,,,,,,,,,,,,,,,,,,,
182,4,황색등화,0,,,,,,,,,,,,,,,,,,,,,,,,,
183,4,황색등화,0,,,,,,,,,,,,,,,,,,,,,,,,,
184,4,황색등화,0,,,,,,,,,,,,,,,,,,,,,,,,,
185,2,황색등화,0,,,,,,,,,,,,,,,,,,,,,,,,,
186,2,황색등화,0,,,,,,,,,,,,,,,,,,,,,,,,,
187,1,황색등화,0,,,,,,,,,,,,,,,,,,,,,,,,,
188,1,황색등화,0,,,,,,,,,,,,,,,,,,,,,,,,,
189,1,황색등화,0,,,,,,,,,,,,,,,,,,,,,,,,,
190,1,황색등화,0,,,,,,,,,,,,,,,,,,,,,,,,,
191,1,황색등화,0,,,,,,,,,,,,,,,,,,,,,,,,,
192,1,황색등화,0,,,,,,,,,,,,,,,,,,,,,,,,,
193,1,황색등화,0,,,,,,,,,,,,,,,,,,,,,,,,,
194,1,황색등화,0,,,,,,,,,,,,,,,,,,,,,,,,,
195,1,황색등화,0,,,,,,,,,,,,,,,,,,,,,,,,,
196,1,황색등화,0,,,,,,,,,,,,,,,,,,,,,,,,,
197,1,황색등화,0,,,,,,,,,,,,,,,,,,,,,,,,,
198,1,황색등화,0,,,,,,,,,,,,,,,,,,,,,,,,,
199,1,황색등화,0,,,,,,,,,,,,,,,,,,,,,,,,,
200,1,황색등화,0,,,,,,,,,,,,,,,,,,,,,,,,,
201,1,황색등화,0,,,,,,,,,,,,,,,,,,,,,,,,,
202,1,황색등화,0,,,,,,,,,,,,,,,,,,,,,,,,,
203,1,황색등화,0,,,,,,,,,,,,,,,,,,,,,,,,,
204,1,황색등화,0,,,,,,,,,,,,,,,,,,,,,,,,,
205,1,황색등화,0,,,,,,,,,,,,,,,,,,,,,,,,,
206,1,황색등화,0,,,,,,,,,,,,,,,,,,,,,,,,,
207,1,황색등화,0,,,,,,,,,,,,,,,,,,,,,,,,,
208,1,황색등화,0,,,,,,,,,,,,,,,,,,,,,,,,,
209,1,황색등화,0,,,,,,,,,,,,,,,,,,,,,,,,,
210,1,황색등화,0,,,,,,,,,,,,,,,,,,,,,,,,,
211,1,황색등화,0,,,,,,,,,,,,,,,,,,,,,,,,,
212,1,황색등화,0,,,,,,,,,,,,,,,,,,,,,,,,,
213,1,황색등화,0,,,,,,,,,,,,,,,,,,,,,,,,,
214,1,황색등화,0,,,,,,,,,,,,,,,,,,,,,,,,,
215,1,황색등화,0,,,,,,,,,,,,,,,,,,,,,,,,,
216,2,녹색등화,0,,,,,,,,,,,,,,,,,,,,,,,,,
217,2,적색등화,0,,,,,,,,,,,,,,,,,,,,,,,,,
218,5,녹색등화,0,,,,,,,,,,,,,,,,,,,,,,,,,
219,5,황색등화,0,,,,,,,,,,,,,,,,,,,,,,,,,
220,5,적색/녹색화살표등화,0,,,,,,,,,,,,,,,,,,,,,,,,,
221,5,적색/황색등화,0,,,,,,,,,,,,,,,,,,,,,,,,,
222,5,적색등화,0,,,,,,,,,,,,,,,,,,,,,,,,,
223,3,황색등화,0,,,,,,,,,,,,,,,,,,,,,,,,,
224,2,녹색등화,0,,,,,,,,,,,,,,,,,,,,,,,,,
225,3,적색/녹색화살표등화,0,,,,,,,,,,,,,,,,,,,,,,,,,
226,3,적색/황색등화,0,,,,,,,,,,,,,,,,,,,,,,,,,
227,3,적색등화,0,,,,,,,,,,,,,,,,,,,,,,,,,
228,3,황색등화,0,,,,,,,,,,,,,,,,,,,,,,,,,
229,1,황색등화,0,,,,,,,,,,,,,,,,,,,,,,,,,
230,3,황색등화,0,,,,,,,,,,,,,,,,,,,,,,,,,
231,3,황색등화,0,,,,,,,,,,,,,,,,,,,,,,,,,
232,3,황색등화,0,,,,,,,,,,,,,,,,,,,,,,,,,
233,1,녹색/녹색화살표,0,,,,,,,,,,,,,,,,,,,,,,,,,
234,1,황색등화,0,,,,,,,,,,,,,,,,,,,,,,,,,
235,1,적색등화,0,,,,,,,,,,,,,,,,,,,,,,,,,
236,1,황색등화,0,,,,,,,,,,,,,,,,,,,,,,,,,
237,1,황색등화,0,,,,,,,,,,,,,,,,,,,,,,,,,
238,1,황색등화,0,,,,,,,,,,,,,,,,,,,,,,,,,
239,1,황색등화,0,,,,,,,,,,,,,,,,,,,,,,,,,
240,1,황색등화,0,,,,,,,,,,,,,,,,,,,,,,,,,
241,1,황색등화,0,,,,,,,,,,,,,,,,,,,,,,,,,
242,1,황색등화,0,,,,,,,,,,,,,,,,,,,,,,,,,
243,1,황색등화,0,,,,,,,,,,,,,,,,,,,,,,,,,
244,1,황색등화,0,,,,,,,,,,,,,,,,,,,,,,,,,
245,1,황색등화,0,,,,,,,,,,,,,,,,,,,,,,,,,
246,1,황색등화,0,,,,,,,,,,,,,,,,,,,,,,,,,
247,2,녹색등화,26,,,,,,,,,,,,,,,,,,,,,,,,,
247,2,적색등화,3,,,,,,,,,,,,,,,,,,,,,,,,,
248,5,녹색등화,10,,,,,,,,,,,,,,,,,,,,,,,,,
248,5,황색등화,3,,,,,,,,,,,,,,,,,,,,,,,,,
248,5,적색/녹색화살표등화,39,,,,,,,,,,,,,,,,,,,,,,,,,
248,5,적색/황색등화,26,,,,,,,,,,,,,,,,,,,,,,,,,
248,5,적색등화,3,,,,,,,,,,,,,,,,,,,,,,,,,
249,5,녹색등화,10,,,,,,,,,,,,,,,,,,,,,,,,,
249,5,황색등화,3,,,,,,,,,,,,,,,,,,,,,,,,,
249,5,적색/녹색화살표등화,39,,,,,,,,,,,,,,,,,,,,,,,,,
249,5,적색/황색등화,35,,,,,,,,,,,,,,,,,,,,,,,,,
249,5,적색등화,15,,,,,,,,,,,,,,,,,,,,,,,,,
250,2,녹색등화,35,,,,,,,,,,,,,,,,,,,,,,,,,
250,2,적색등화,15,,,,,,,,,,,,,,,,,,,,,,,,,
251,3,녹색/녹색화살표,17,,,,,,,,,,,,,,,,,,,,,,,,,
251,3,황색등화,3,,,,,,,,,,,,,,,,,,,,,,,,,
251,3,적색등화,60,,,,,,,,,,,,,,,,,,,,,,,,,
252,3,녹색/녹색화살표,17,,,,,,,,,,,,,,,,,,,,,,,,,
252,3,황색등화,3,,,,,,,,,,,,,,,,,,,,,,,,,
252,3,적색등화,60,,,,,,,,,,,,,,,,,,,,,,,,,
253,3,녹색/녹색화살표,17,,,,,,,,,,,,,,,,,,,,,,,,,
253,3,황색등화,3,,,,,,,,,,,,,,,,,,,,,,,,,
253,3,적색등화,60,,,,,,,,,,,,,,,,,,,,,,,,,
254,3,녹색/녹색화살표,17,,,,,,,,,,,,,,,,,,,,,,,,,
254,3,황색등화,3,,,,,,,,,,,,,,,,,,,,,,,,,
254,3,적색등화,60,,,,,,,,,,,,,,,,,,,,,,,,,
255,5,녹색등화,26,,,,,,,,,,,,,,,,,,,,,,,,,
255,5,황색등화,3,,,,,,,,,,,,,,,,,,,,,,,,,
255,5,적색/녹색화살표등화,10,,,,,,,,,,,,,,,,,,,,,,,,,
255,5,적색/황색등화,3,,,,,,,,,,,,,,,,,,,,,,,,,
255,5,적색등화,39,,,,,,,,,,,,,,,,,,,,,,,,,
256,5,녹색등화,26,,,,,,,,,,,,,,,,,,,,,,,,,
256,5,황색등화,3,,,,,,,,,,,,,,,,,,,,,,,,,
256,5,적색/녹색화살표등화,10,,,,,,,,,,,,,,,,,,,,,,,,,
256,5,적색/황색등화,3,,,,,,,,,,,,,,,,,,,,,,,,,
256,5,적색등화,39,,,,,,,,,,,,,,,,,,,,,,,,,
257,2,녹색등화,12,,,,,,,,,,,,,,,,,,,,,,,,,
257,2,적색등화,65,,,,,,,,,,,,,,,,,,,,,,,,,
258,2,녹색등화,43,,,,,,,,,,,,,,,,,,,,,,,,,
258,2,적색등화,17,,,,,,,,,,,,,,,,,,,,,,,,,
259,1,황색등화,0,,,,,,,,,,,,,,,,,,,,,,,,,
260,1,황색등화,0,,,,,,,,,,,,,,,,,,,,,,,,,
261,1,황색등화,0,,,,,,,,,,,,,,,,,,,,,,,,,
262,1,황색등화,0,,,,,,,,,,,,,,,,,,,,,,,,,
263,1,황색등화,0,,,,,,,,,,,,,,,,,,,,,,,,,
264,1,황색등화,0,,,,,,,,,,,,,,,,,,,,,,,,,
265,1,황색등화,0,,,,,,,,,,,,,,,,,,,,,,,,,
266,1,황색등화,0,,,,,,,,,,,,,,,,,,,,,,,,,
267,1,황색등화,0,,,,,,,,,,,,,,,,,,,,,,,,,
268,1,황색등화,0,,,,,,,,,,,,,,,,,,,,,,,,,
269,1,황색등화,0,,,,,,,,,,,,,,,,,,,,,,,,,
270,1,황색등화,0,,,,,,,,,,,,,,,,,,,,,,,,,
271,1,황색등화,0,,,,,,,,,,,,,,,,,,,,,,,,,
272,1,황색등화,0,,,,,,,,,,,,,,,,,,,,,,,,,
273,1,황색등화,0,,,,,,,,,,,,,,,,,,,,,,,,,
274,1,황색등화,0,,,,,,,,,,,,,,,,,,,,,,,,,
275,1,황색등화,0,,,,,,,,,,,,,,,,,,,,,,,,,
276,1,황색등화,0,,,,,,,,,,,,,,,,,,,,,,,,,
277,1,황색등화,0,,,,,,,,,,,,,,,,,,,,,,,,,
278,1,황색등화,0,,,,,,,,,,,,,,,,,,,,,,,,,
279,1,황색등화,0,,,,,,,,,,,,,,,,,,,,,,,,,
280,1,황색등화,0,,,,,,,,,,,,,,,,,,,,,,,,,
281,1,황색등화,0,,,,,,,,,,,,,,,,,,,,,,,,,
282,1,황색등화,0,,,,,,,,,,,,,,,,,,,,,,,,,
283,1,황색등화,0,,,,,,,,,,,,,,,,,,,,,,,,,
284,1,황색등화,0,,,,,,,,,,,,,,,,,,,,,,,,,
285,1,황색등화,0,,,,,,,,,,,,,,,,,,,,,,,,,
286,1,황색등화,0,,,,,,,,,,,,,,,,,,,,,,,,,
287,1,황색등화,0,,,,,,,,,,,,,,,,,,,,,,,,,
288,1,황색등화,0,,,,,,,,,,,,,,,,,,,,,,,,,
289,1,황색등화,0,,,,,,,,,,,,,,,,,,,,,,,,,
290,1,황색등화,0,,,,,,,,,,,,,,,,,,,,,,,,,
291,1,황색등화,0,,,,,,,,,,,,,,,,,,,,,,,,,
292,1,황색등화,0,,,,,,,,,,,,,,,,,,,,,,,,,
293,1,황색등화,0,,,,,,,,,,,,,,,,,,,,,,,,,
294,1,황색등화,0,,,,,,,,,,,,,,,,,,,,,,,,,
295,1,황색등화,0,,,,,,,,,,,,,,,,,,,,,,,,,
296,1,황색등화,0,,,,,,,,,,,,,,,,,,,,,,,,,
297,3,녹색등화,55,,,,,,,,,,,,,,,,,,,,,,,,,
297,3,황색등화,3,,,,,,,,,,,,,,,,,,,,,,,,,
297,3,적색등화,33,,,,,,,,,,,,,,,,,,,,,,,,,
298,3,녹색등화,55,,,,,,,,,,,,,,,,,,,,,,,,,
298,3,황색등화,3,,,,,,,,,,,,,,,,,,,,,,,,,
298,3,적색등화,33,,,,,,,,,,,,,,,,,,,,,,,,,
299,3,녹색등화,55,,,,,,,,,,,,,,,,,,,,,,,,,
299,3,황색등화,3,,,,,,,,,,,,,,,,,,,,,,,,,
299,3,적색등화,33,,,,,,,,,,,,,,,,,,,,,,,,,
300,3,녹색등화,55,,,,,,,,,,,,,,,,,,,,,,,,,
300,3,황색등화,3,,,,,,,,,,,,,,,,,,,,,,,,,
300,3,적색등화,33,,,,,,,,,,,,,,,,,,,,,,,,,
301,3,녹색등화,55,,,,,,,,,,,,,,,,,,,,,,,,,
301,3,황색등화,3,,,,,,,,,,,,,,,,,,,,,,,,,
301,3,적색등화,33,,,,,,,,,,,,,,,,,,,,,,,,,
302,2,녹색등화,60,,,,,,,,,,,,,,,,,,,,,,,,,
302,2,적색등화,30,,,,,,,,,,,,,,,,,,,,,,,,,
303,3,녹색등화,32,,,,,,,,,,,,,,,,,,,,,,,,,
303,3,황색등화,3,,,,,,,,,,,,,,,,,,,,,,,,,
303,3,적색등화,43,,,,,,,,,,,,,,,,,,,,,,,,,
304,3,녹색등화,54,,,,,,,,,,,,,,,,,,,,,,,,,
304,3,황색등화,4,,,,,,,,,,,,,,,,,,,,,,,,,
304,3,적색등화,35,,,,,,,,,,,,,,,,,,,,,,,,,
305,3,녹색등화,54,,,,,,,,,,,,,,,,,,,,,,,,,
305,3,황색등화,4,,,,,,,,,,,,,,,,,,,,,,,,,
305,3,적색등화,35,,,,,,,,,,,,,,,,,,,,,,,,,
306,3,녹색등화,54,,,,,,,,,,,,,,,,,,,,,,,,,
306,3,황색등화,4,,,,,,,,,,,,,,,,,,,,,,,,,
306,3,적색등화,35,,,,,,,,,,,,,,,,,,,,,,,,,
307,1,황색등화,0,,,,,,,,,,,,,,,,,,,,,,,,,
308,3,녹색등화,32,,,,,,,,,,,,,,,,,,,,,,,,,
308,3,황색등화,3,,,,,,,,,,,,,,,,,,,,,,,,,
308,3,적색등화,43,,,,,,,,,,,,,,,,,,,,,,,,,
309,3,녹색등화,32,,,,,,,,,,,,,,,,,,,,,,,,,
309,3,황색등화,3,,,,,,,,,,,,,,,,,,,,,,,,,
309,3,적색등화,43,,,,,,,,,,,,,,,,,,,,,,,,,
310,3,녹색등화,32,,,,,,,,,,,,,,,,,,,,,,,,,
310,3,황색등화,3,,,,,,,,,,,,,,,,,,,,,,,,,
310,3,적색등화,43,,,,,,,,,,,,,,,,,,,,,,,,,
311,1,황색등화,0,,,,,,,,,,,,,,,,,,,,,,,,,
312,1,황색등화,0,,,,,,,,,,,,,,,,,,,,,,,,,
313,1,황색등화,0,,,,,,,,,,,,,,,,,,,,,,,,,
314,1,황색등화,0,,,,,,,,,,,,,,,,,,,,,,,,,
315,1,황색등화,0,,,,,,,,,,,,,,,,,,,,,,,,,
316,1,황색등화,0,,,,,,,,,,,,,,,,,,,,,,,,,
317,1,황색등화,0,,,,,,,,,,,,,,,,,,,,,,,,,
318,1,황색등화,0,,,,,,,,,,,,,,,,,,,,,,,,,
319,1,황색등화,0,,,,,,,,,,,,,,,,,,,,,,,,,
320,1,황색등화,0,,,,,,,,,,,,,,,,,,,,,,,,,
321,1,황색등화,0,,,,,,,,,,,,,,,,,,,,,,,,,
322,1,황색등화,0,,,,,,,,,,,,,,,,,,,,,,,,,
323,1,황색등화,0,,,,,,,,,,,,,,,,,,,,,,,,,
324,1,황색등화,0,,,,,,,,,,,,,,,,,,,,,,,,,
325,1,황색등화,0,,,,,,,,,,,,,,,,,,,,,,,,,
326,1,황색등화,0,,,,,,,,,,,,,,,,,,,,,,,,,
327,1,황색등화,0,,,,,,,,,,,,,,,,,,,,,,,,,
328,1,황색등화,0,,,,,,,,,,,,,,,,,,,,,,,,,
329,1,황색등화,0,,,,,,,,,,,,,,,,,,,,,,,,,
330,1,황색등화,0,,,,,,,,,,,,,,,,,,,,,,,,,
331,1,황색등화,0,,,,,,,,,,,,,,,,,,,,,,,,,
332,1,황색등화,0,,,,,,,,,,,,,,,,,,,,,,,,,
333,1,황색등화,0,,,,,,,,,,,,,,,,,,,,,,,,,
334,1,황색등화,0,,,,,,,,,,,,,,,,,,,,,,,,,
335,1,황색등화,0,,,,,,,,,,,,,,,,,,,,,,,,,
336,1,황색등화,0,,,,,,,,,,,,,,,,,,,,,,,,,
337,1,황색등화,0,,,,,,,,,,,,,,,,,,,,,,,,,
338,1,황색등화,0,,,,,,,,,,,,,,,,,,,,,,,,,
339,1,황색등화,0,,,,,,,,,,,,,,,,,,,,,,,,,
340,1,황색등화,0,,,,,,,,,,,,,,,,,,,,,,,,,
341,1,황색등화,0,,,,,,,,,,,,,,,,,,,,,,,,,
342,1,황색등화,0,,,,,,,,,,,,,,,,,,,,,,,,,
343,1,황색등화,0,,,,,,,,,,,,,,,,,,,,,,,,,
344,3,녹색등화,30,,,,,,,,,,,,,,,,,,,,,,,,,
344,3,황색등화,3,,,,,,,,,,,,,,,,,,,,,,,,,
344,3,적색등화,77,,,,,,,,,,,,,,,,,,,,,,,,,
345,3,녹색등화,30,,,,,,,,,,,,,,,,,,,,,,,,,
345,3,황색등화,3,,,,,,,,,,,,,,,,,,,,,,,,,
345,3,적색등화,77,,,,,,,,,,,,,,,,,,,,,,,,,
346,3,녹색등화,30,,,,,,,,,,,,,,,,,,,,,,,,,
346,3,황색등화,3,,,,,,,,,,,,,,,,,,,,,,,,,
346,3,적색등화,77,,,,,,,,,,,,,,,,,,,,,,,,,
347,2,녹색등화,23,,,,,,,,,,,,,,,,,,,,,,,,,
347,2,적색등화,77,,,,,,,,,,,,,,,,,,,,,,,,,
348,3,녹색등화,45,,,,,,,,,,,,,,,,,,,,,,,,,
348,3,황색등화,3,,,,,,,,,,,,,,,,,,,,,,,,,
348,3,적색등화,57,,,,,,,,,,,,,,,,,,,,,,,,,
349,3,녹색등화,45,,,,,,,,,,,,,,,,,,,,,,,,,
349,3,황색등화,3,,,,,,,,,,,,,,,,,,,,,,,,,
349,3,적색등화,57,,,,,,,,,,,,,,,,,,,,,,,,,
350,3,녹색등화,45,,,,,,,,,,,,,,,,,,,,,,,,,
350,3,황색등화,3,,,,,,,,,,,,,,,,,,,,,,,,,
350,3,적색등화,57,,,,,,,,,,,,,,,,,,,,,,,,,
351,2,녹색등화,23,,,,,,,,,,,,,,,,,,,,,,,,,
351,2,적색등화,77,,,,,,,,,,,,,,,,,,,,,,,,,
352,3,녹색등화,30,,,,,,,,,,,,,,,,,,,,,,,,,
352,3,황색등화,3,,,,,,,,,,,,,,,,,,,,,,,,,
352,3,적색등화,77,,,,,,,,,,,,,,,,,,,,,,,,,
353,2,녹색등화,23,,,,,,,,,,,,,,,,,,,,,,,,,
353,2,적색등화,77,,,,,,,,,,,,,,,,,,,,,,,,,
354,3,녹색등화,30,,,,,,,,,,,,,,,,,,,,,,,,,
354,3,황색등화,3,,,,,,,,,,,,,,,,,,,,,,,,,
354,3,적색등화,77,,,,,,,,,,,,,,,,,,,,,,,,,
355,3,녹색등화,30,,,,,,,,,,,,,,,,,,,,,,,,,
355,3,황색등화,3,,,,,,,,,,,,,,,,,,,,,,,,,
355,3,적색등화,77,,,,,,,,,,,,,,,,,,,,,,,,,
356,1,황색등화,0,,,,,,,,,,,,,,,,,,,,,,,,,
357,1,황색등화,0,,,,,,,,,,,,,,,,,,,,,,,,,
358,1,황색등화,0,,,,,,,,,,,,,,,,,,,,,,,,,
359,1,황색등화,0,,,,,,,,,,,,,,,,,,,,,,,,,
360,1,황색등화,0,,,,,,,,,,,,,,,,,,,,,,,,,
361,1,황색등화,0,,,,,,,,,,,,,,,,,,,,,,,,,
362,1,황색등화,0,,,,,,,,,,,,,,,,,,,,,,,,,
363,1,황색등화,0,,,,,,,,,,,,,,,,,,,,,,,,,
364,1,황색등화,0,,,,,,,,,,,,,,,,,,,,,,,,,
365,1,황색등화,0,,,,,,,,,,,,,,,,,,,,,,,,,
366,1,황색등화,0,,,,,,,,,,,,,,,,,,,,,,,,,
367,1,황색등화,0,,,,,,,,,,,,,,,,,,,,,,,,,
368,1,황색등화,0,,,,,,,,,,,,,,,,,,,,,,,,,
369,1,황색등화,0,,,,,,,,,,,,,,,,,,,,,,,,,
370,1,황색등화,0,,,,,,,,,,,,,,,,,,,,,,,,,
371,1,황색등화,0,,,,,,,,,,,,,,,,,,,,,,,,,
372,1,황색등화,0,,,,,,,,,,,,,,,,,,,,,,,,,
373,1,황색등화,0,,,,,,,,,,,,,,,,,,,,,,,,,
374,1,황색등화,0,,,,,,,,,,,,,,,,,,,,,,,,,
375,1,황색등화,0,,,,,,,,,,,,,,,,,,,,,,,,,
376,1,황색등화,0,,,,,,,,,,,,,,,,,,,,,,,,,
377,1,황색등화,0,,,,,,,,,,,,,,,,,,,,,,,,,
378,1,황색등화,0,,,,,,,,,,,,,,,,,,,,,,,,,
379,1,황색등화,0,,,,,,,,,,,,,,,,,,,,,,,,,
380,1,황색등화,0,,,,,,,,,,,,,,,,,,,,,,,,,
381,1,황색등화,0,,,,,,,,,,,,,,,,,,,,,,,,,
382,1,황색등화,0,,,,,,,,,,,,,,,,,,,,,,,,,
383,1,황색등화,0,,,,,,,,,,,,,,,,,,,,,,,,,
384,1,황색등화,0,,,,,,,,,,,,,,,,,,,,,,,,,
385,1,황색등화,0,,,,,,,,,,,,,,,,,,,,,,,,,
386,1,황색등화,0,,,,,,,,,,,,,,,,,,,,,,,,,
387,1,황색등화,0,,,,,,,,,,,,,,,,,,,,,,,,,
388,1,황색등화,0,,,,,,,,,,,,,,,,,,,,,,,,,
389,1,황색등화,0,,,,,,,,,,,,,,,,,,,,,,,,,
390,1,황색등화,0,,,,,,,,,,,,,,,,,,,,,,,,,
391,1,황색등화,0,,,,,,,,,,,,,,,,,,,,,,,,,
392,1,황색등화,0,,,,,,,,,,,,,,,,,,,,,,,,,
393,1,황색등화,0,,,,,,,,,,,,,,,,,,,,,,,,,
394,1,황색등화,0,,,,,,,,,,,,,,,,,,,,,,,,,
395,1,황색등화,0,,,,,,,,,,,,,,,,,,,,,,,,,
396,1,황색등화,0,,,,,,,,,,,,,,,,,,,,,,,,,
397,1,황색등화,0,,,,,,,,,,,,,,,,,,,,,,,,,
398,1,황색등화,0,,,,,,,,,,,,,,,,,,,,,,,,,
399,1,황색등화,0,,,,,,,,,,,,,,,,,,,,,,,,,
400,1,황색등화,0,,,,,,,,,,,,,,,,,,,,,,,,,
401,1,황색등화,0,,,,,,,,,,,,,,,,,,,,,,,,,
