City,District,RouteNumber,RouteName,RouteDirection,Address,SignalControlNumber,,,,,,,,,,,,,,,,,,,,,,
전라남도,곡성군,60번,고주로,1,전라남도 곡성군 고달면 백곡리 1006-39,1,,,,,,,,,,,,,,,,,,,,,,
전라남도,곡성군,60번,고주로,2,전라남도 곡성군 고달면 백곡리 719-8,2,,,,,,,,,,,,,,,,,,,,,,
전라남도,곡성군,60번,고주로,1,전라남도 곡성군 고달면 백곡리 720-3,3,,,,,,,,,,,,,,,,,,,,,,
전라남도,곡성군,60번,고주로,2,전라남도 곡성군 고달면 백곡리 536-5,4,,,,,,,,,,,,,,,,,,,,,,
전라남도,곡성군,60번,곡고로,2,전라남도 곡성군 곡성읍 대평리 1122-12,5,,,,,,,,,,,,,,,,,,,,,,
전라남도,곡성군,60번,곡고로,2,전라남도 곡성군 곡성읍 대평리 1122-12,6,,,,,,,,,,,,,,,,,,,,,,
전라남도,곡성군,60번,곡고로,1,전라남도 곡성군 곡성읍 대평리 1204-10,7,,,,,,,,,,,,,,,,,,,,,,
전라남도,곡성군,60번,곡고로,1,전라남도 곡성군 곡성읍 대평리 1204-10,8,,,,,,,,,,,,,,,,,,,,,,
전라남도,곡성군,60번,곡고로,2,전라남도 곡성군 곡성읍 대평리 1204-9,9,,,,,,,,,,,,,,,,,,,,,,
전라남도,곡성군,60번,곡고로,1,전라남도 곡성군 곡성읍 신리 301-3,10,,,,,,,,,,,,,,,,,,,,,,
전라남도,곡성군,60번,곡고로,1,전라남도 곡성군 곡성읍 신리 301-3,11,,,,,,,,,,,,,,,,,,,,,,
전라남도,곡성군,60번,곡고로,2,전라남도 곡성군 곡성읍 신리 437-1,12,,,,,,,,,,,,,,,,,,,,,,
전라남도,곡성군,60번,곡고로,1,전라남도 곡성군 고달면 뇌죽리 607-8,13,,,,,,,,,,,,,,,,,,,,,,
전라남도,곡성군,60번,곡고로,2,전라남도 곡성군 고달면 뇌죽리 517-24,14,,,,,,,,,,,,,,,,,,,,,,
전라남도,곡성군,27번,곡성로,1,전라남도 곡성군 삼기면 금반리 572,15,,,,,,,,,,,,,,,,,,,,,,
전라남도,곡성군,27번,곡성로,1,전라남도 곡성군 삼기면 금반리 572,16,,,,,,,,,,,,,,,,,,,,,,
전라남도,곡성군,27번,곡성로,2,전라남도 곡성군 삼기면 금반리 572,17,,,,,,,,,,,,,,,,,,,,,,
전라남도,곡성군,60번,곡성로,3,전라남도 곡성군 삼기면 금반리 608-4,18,,,,,,,,,,,,,,,,,,,,,,
전라남도,곡성군,27번,곡성로,1,전라남도 곡성군 삼기면 금반리 689,19,,,,,,,,,,,,,,,,,,,,,,
전라남도,곡성군,27번,곡성로,1,전라남도 곡성군 삼기면 금반리 689,20,,,,,,,,,,,,,,,,,,,,,,
전라남도,곡성군,60번,곡성로,1,전라남도 곡성군 곡성읍 서계리 186,21,,,,,,,,,,,,,,,,,,,,,,
전라남도,곡성군,60번,곡성로,1,전라남도 곡성군 곡성읍 서계리 268,22,,,,,,,,,,,,,,,,,,,,,,
전라남도,곡성군,60번,곡성로,1,전라남도 곡성군 곡성읍 서계리 268,23,,,,,,,,,,,,,,,,,,,,,,
전라남도,곡성군,60번,곡성로,2,전라남도 곡성군 곡성읍 서계리 268,24,,,,,,,,,,,,,,,,,,,,,,
전라남도,곡성군,60번,곡성로,2,전라남도 곡성군 곡성읍 서계리 268,25,,,,,,,,,,,,,,,,,,,,,,
전라남도,곡성군,60번,곡성로,2,전라남도 곡성군 곡성읍 서계리 268,26,,,,,,,,,,,,,,,,,,,,,,
전라남도,곡성군,60번,곡성로,2,전라남도 곡성군 곡성읍 서계리 268,27,,,,,,,,,,,,,,,,,,,,,,
전라남도,곡성군,60번,곡성로,1,전라남도 곡성군 곡성읍 구원리 929-3,28,,,,,,,,,,,,,,,,,,,,,,
전라남도,곡성군,60번,곡성로,1,전라남도 곡성군 곡성읍 구원리 929-3,29,,,,,,,,,,,,,,,,,,,,,,
전라남도,곡성군,60번,곡성로,2,전라남도 곡성군 곡성읍 구원리 401-9,30,,,,,,,,,,,,,,,,,,,,,,
전라남도,곡성군,60번,곡성로,2,전라남도 곡성군 곡성읍 구원리 401-9,31,,,,,,,,,,,,,,,,,,,,,,
전라남도,곡성군,60번,곡성로,2,전라남도 곡성군 곡성읍 구원리 133-5,32,,,,,,,,,,,,,,,,,,,,,,
전라남도,곡성군,60번,곡성로,3,전라남도 곡성군 곡성읍 구원리 43-4,33,,,,,,,,,,,,,,,,,,,,,,
전라남도,곡성군,60번,곡성로,2,전라남도 곡성군 곡성읍 구원리 25-2,34,,,,,,,,,,,,,,,,,,,,,,
전라남도,곡성군,60번,곡성로,2,전라남도 곡성군 곡성읍 구원리 25-2,35,,,,,,,,,,,,,,,,,,,,,,
전라남도,곡성군,60번,곡성로,2,전라남도 곡성군 곡성읍 구원리 43-5,36,,,,,,,,,,,,,,,,,,,,,,67
전라남도,곡성군,60번,곡성로,2,전라남도 곡성군 곡성읍 구원리 43-5,37,,,,,,,,,,,,,,,,,,,,,,67
전라남도,곡성군,60번,곡성로,1,전라남도 곡성군 곡성읍 구원리 43-5,38,,,,,,,,,,,,,,,,,,,,,,70
전라남도,곡성군,60번,곡성로,3,전라남도 곡성군 곡성읍 구원리 44-6,39,,,,,,,,,,,,,,,,,,,,,,
전라남도,곡성군,60번,곡성로,1,전라남도 곡성군 곡성읍 구원리 44-6,40,,,,,,,,,,,,,,,,,,,,,,70
전라남도,곡성군,60번,곡성로,1,전라남도 곡성군 곡성읍 구원리 44-6,41,,,,,,,,,,,,,,,,,,,,,,70
전라남도,곡성군,60번,곡성로,2,전라남도 곡성군 곡성읍 구원리 44-6,42,,,,,,,,,,,,,,,,,,,,,,67
전라남도,곡성군,60번,곡성로,1,전라남도 곡성군 곡성읍 구원리 45-1,43,,,,,,,,,,,,,,,,,,,,,,
전라남도,곡성군,60번,곡성로,1,전라남도 곡성군 곡성읍 구원리 45-1,44,,,,,,,,,,,,,,,,,,,,,,
전라남도,곡성군,60번,곡성로,1,전라남도 곡성군 곡성읍 읍내리 781-18,45,,,,,,,,,,,,,,,,,,,,,,
전라남도,곡성군,60번,곡성로,1,전라남도 곡성군 곡성읍 읍내리 781-18,46,,,,,,,,,,,,,,,,,,,,,,
전라남도,곡성군,60번,곡성로,2,전라남도 곡성군 곡성읍 읍내리 781-18,48,,,,,,,,,,,,,,,,,,,,,,
전라남도,곡성군,60번,곡성로,1,전라남도 곡성군 곡성읍 읍내리 792-13,50,,,,,,,,,,,,,,,,,,,,,,
전라남도,곡성군,60번,곡성로,1,전라남도 곡성군 곡성읍 읍내리 792-13,51,,,,,,,,,,,,,,,,,,,,,,
전라남도,곡성군,60번,곡성로,2,전라남도 곡성군 곡성읍 읍내리 788-11,52,,,,,,,,,,,,,,,,,,,,,,
전라남도,곡성군,60번,곡성로,3,전라남도 곡성군 곡성읍 읍내리 796-2,53,,,,,,,,,,,,,,,,,,,,,,
전라남도,곡성군,60번,곡성로,1,전라남도 곡성군 곡성읍 읍내리 797-19,54,,,,,,,,,,,,,,,,,,,,,,
전라남도,곡성군,60번,곡성로,1,전라남도 곡성군 곡성읍 읍내리 797-19,55,,,,,,,,,,,,,,,,,,,,,,
전라남도,곡성군,60번,곡성로,1,전라남도 곡성군 곡성읍 읍내리 797-19,56,,,,,,,,,,,,,,,,,,,,,,
전라남도,곡성군,60번,곡성로,2,전라남도 곡성군 곡성읍 읍내리 797-19,57,,,,,,,,,,,,,,,,,,,,,,
전라남도,곡성군,60번,곡성로,2,전라남도 곡성군 곡성읍 읍내리 797-19,58,,,,,,,,,,,,,,,,,,,,,,
전라남도,곡성군,60번,곡성로,3,전라남도 곡성군 곡성읍 읍내리 246-2,59,,,,,,,,,,,,,,,,,,,,,,
전라남도,곡성군,60번,곡성로,3,전라남도 곡성군 곡성읍 읍내리 246-2,60,,,,,,,,,,,,,,,,,,,,,,
전라남도,곡성군,60번,곡성로,1,전라남도 곡성군 곡성읍 읍내리 246-7,61,,,,,,,,,,,,,,,,,,,,,,
전라남도,곡성군,60번,곡성로,2,전라남도 곡성군 곡성읍 읍내리 797-19,62,,,,,,,,,,,,,,,,,,,,,,
전라남도,곡성군,60번,곡성로,2,전라남도 곡성군 곡성읍 읍내리 246-6,63,,,,,,,,,,,,,,,,,,,,,,
전라남도,곡성군,60번,곡성로,2,전라남도 곡성군 곡성읍 읍내리 246-6,64,,,,,,,,,,,,,,,,,,,,,,
전라남도,곡성군,60번,곡성로,2,전라남도 곡성군 곡성읍 읍내리 246-6,65,,,,,,,,,,,,,,,,,,,,,,
전라남도,곡성군,60번,곡성로,1,전라남도 곡성군 곡성읍 읍내리 246-6,66,,,,,,,,,,,,,,,,,,,,,,
전라남도,곡성군,60번,곡성로,1,전라남도 곡성군 곡성읍 읍내리 246-6,67,,,,,,,,,,,,,,,,,,,,,,
전라남도,곡성군,60번,곡성로,1,전라남도 곡성군 곡성읍 대평리 1222-8,68,,,,,,,,,,,,,,,,,,,,,,
전라남도,곡성군,27번,곡순로,1,전라남도 곡성군 석곡면 연반리 1383-14,69,,,,,,,,,,,,,,,,,,,,,,
전라남도,곡성군,27번,곡순로,2,전라남도 곡성군 석곡면 연반리 1383-14,70,,,,,,,,,,,,,,,,,,,,,,
전라남도,곡성군,27번,곡순로,1,전라남도 곡성군 삼기면 금반리 672-21,71,,,,,,,,,,,,,,,,,,,,,,
전라남도,곡성군,27번,곡순로,1,전라남도 곡성군 삼기면 금반리 672-17,72,,,,,,,,,,,,,,,,,,,,,,
전라남도,곡성군,27번,곡순로,3,전라남도 곡성군 삼기면 금반리 565-15,73,,,,,,,,,,,,,,,,,,,,,,
전라남도,곡성군,27번,곡순로,2,전라남도 곡성군 삼기면 금반리 611-6,74,,,,,,,,,,,,,,,,,,,,,,
전라남도,곡성군,27번,곡순로,2,전라남도 곡성군 삼기면 금반리 611-6,75,,,,,,,,,,,,,,,,,,,,,,
전라남도,곡성군,27번,곡순로,1,전라남도 곡성군 삼기면 금반리 611-6,76,,,,,,,,,,,,,,,,,,,,,,
전라남도,곡성군,27번,곡순로,3,전라남도 곡성군 삼기면 금반리 611-2,77,,,,,,,,,,,,,,,,,,,,,,
전라남도,곡성군,27번,곡순로,2,전라남도 곡성군 삼기면 원등리 465-2,78,,,,,,,,,,,,,,,,,,,,,,
전라남도,곡성군,27번,곡순로,2,전라남도 곡성군 삼기면 원등리 1164,79,,,,,,,,,,,,,,,,,,,,,,
전라남도,곡성군,27번,곡순로,1,전라남도 곡성군 삼기면 원등리 1164,80,,,,,,,,,,,,,,,,,,,,,,
전라남도,곡성군,27번,곡순로,1,전라남도 곡성군 삼기면 원등리 465-1,81,,,,,,,,,,,,,,,,,,,,,,
전라남도,곡성군,27번,곡순로,1,전라남도 곡성군 삼기면 원등리 874-2,82,,,,,,,,,,,,,,,,,,,,,,
전라남도,곡성군,27번,곡순로,2,전라남도 곡성군 삼기면 원등리 874-2,83,,,,,,,,,,,,,,,,,,,,,,
전라남도,곡성군,27번,곡순로,2,전라남도 곡성군 삼기면 원등리 1163-26,84,,,,,,,,,,,,,,,,,,,,,,
전라남도,곡성군,27번,곡순로,1,전라남도 곡성군 삼기면 원등리 1163-26,85,,,,,,,,,,,,,,,,,,,,,,
전라남도,곡성군,27번,곡순로,1,전라남도 곡성군 삼기면 원등리 941-2,86,,,,,,,,,,,,,,,,,,,,,,
전라남도,곡성군,27번,곡순로,2,전라남도 곡성군 삼기면 원등리 941-2,87,,,,,,,,,,,,,,,,,,,,,,
전라남도,곡성군,27번,곡순로,1,전라남도 곡성군 삼기면 원등리 1163-26,88,,,,,,,,,,,,,,,,,,,,,,
전라남도,곡성군,27번,곡순로,2,전라남도 곡성군 삼기면 원등리 1163-26,89,,,,,,,,,,,,,,,,,,,,,,
전라남도,곡성군,27번,곡순로,1,전라남도 곡성군 삼기면 원등리 1011-2,90,,,,,,,,,,,,,,,,,,,,,,
전라남도,곡성군,27번,곡순로,2,전라남도 곡성군 삼기면 원등리 1011-2,91,,,,,,,,,,,,,,,,,,,,,,
전라남도,곡성군,27번,곡순로,1,전라남도 곡성군 삼기면 원등리 1163-9,92,,,,,,,,,,,,,,,,,,,,,,
전라남도,곡성군,27번,곡순로,2,전라남도 곡성군 삼기면 원등리 1163-9,93,,,,,,,,,,,,,,,,,,,,,,
전라남도,곡성군,27번,곡순로,1,전라남도 곡성군 겸면 괴정리 711-7,94,,,,,,,,,,,,,,,,,,,,,,
전라남도,곡성군,27번,곡순로,2,전라남도 곡성군 겸면 괴정리 711-7,95,,,,,,,,,,,,,,,,,,,,,,
전라남도,곡성군,27번,곡순로,1,전라남도 곡성군 겸면 괴정리 888-3,96,,,,,,,,,,,,,,,,,,,,,,
전라남도,곡성군,27번,곡순로,2,전라남도 곡성군 겸면 송강리 722-2,97,,,,,,,,,,,,,,,,,,,,,,
전라남도,곡성군,27번,곡순로,1,전라남도 곡성군 겸면 칠봉리 654,98,,,,,,,,,,,,,,,,,,,,,,
전라남도,곡성군,27번,곡순로,1,전라남도 곡성군 겸면 칠봉리 654,99,,,,,,,,,,,,,,,,,,,,,,
전라남도,곡성군,27번,곡순로,1,전라남도 곡성군 겸면 칠봉리 33-3,100,,,,,,,,,,,,,,,,,,,,,,
전라남도,곡성군,27번,곡순로,2,전라남도 곡성군 겸면 현정리 212-2,101,,,,,,,,,,,,,,,,,,,,,,
전라남도,곡성군,27번,곡순로,1,전라남도 곡성군 겸면 가정리 1-2,102,,,,,,,,,,,,,,,,,,,,,,
전라남도,곡성군,27번,곡순로,1,전라남도 곡성군 겸면 가정리 750-1,103,,,,,,,,,,,,,,,,,,,,,,
전라남도,곡성군,27번,곡순로,2,전라남도 곡성군 겸면 평장리 79-2,104,,,,,,,,,,,,,,,,,,,,,,
전라남도,곡성군,27번,곡순로,2,전라남도 곡성군 겸면 평장리 62-2,105,,,,,,,,,,,,,,,,,,,,,,
전라남도,곡성군,27번,곡순로,1,전라남도 곡성군 겸면 평장리 62-9,106,,,,,,,,,,,,,,,,,,,,,,
전라남도,곡성군,13번,곡순로,2,전라남도 곡성군 겸면 평장리 산2-1,107,,,,,,,,,,,,,,,,,,,,,,
전라남도,곡성군,27번,곡순로,1,전라남도 곡성군 겸면 평장리 산2-2,108,,,,,,,,,,,,,,,,,,,,,,
전라남도,곡성군,27번,곡순로,1,전라남도 곡성군 겸면 평장리 산2-2,109,,,,,,,,,,,,,,,,,,,,,,
전라남도,곡성군,27번,곡순로,2,전라남도 곡성군 겸면 평장리 산2-2,110,,,,,,,,,,,,,,,,,,,,,,
전라남도,곡성군,13번,곡순로,2,전라남도 곡성군 겸면 평장리 산2-1,111,,,,,,,,,,,,,,,,,,,,,,
전라남도,곡성군,13번,곡순로,2,전라남도 곡성군 겸면 평장리 산2-1,112,,,,,,,,,,,,,,,,,,,,,,
전라남도,곡성군,13번,곡순로,1,전라남도 곡성군 겸면 평장리 산1-1,113,,,,,,,,,,,,,,,,,,,,,,
전라남도,곡성군,13번,곡순로,2,전라남도 곡성군 겸면 평장리 산1-1,114,,,,,,,,,,,,,,,,,,,,,,
전라남도,곡성군,13번,곡순로,2,전라남도 곡성군 겸면 평장리 산1-1,115,,,,,,,,,,,,,,,,,,,,,,
전라남도,곡성군,,군청로,1,전라남도 곡성군 곡성읍 읍내리 310-2,116,,,,,,,,,,,,,,,,,,,,,,
전라남도,곡성군,,군청로,1,전라남도 곡성군 곡성읍 읍내리 310-2,117,,,,,,,,,,,,,,,,,,,,,,
전라남도,곡성군,,군청로,1,전라남도 곡성군 곡성읍 읍내리 310-2,118,,,,,,,,,,,,,,,,,,,,,,
전라남도,곡성군,,군청로,1,전라남도 곡성군 곡성읍 읍내리 310-2,119,,,,,,,,,,,,,,,,,,,,,,
전라남도,곡성군,,군청로,2,전라남도 곡성군 곡성읍 읍내리 846,120,,,,,,,,,,,,,,,,,,,,,,
전라남도,곡성군,,군청로,2,전라남도 곡성군 곡성읍 읍내리 846,121,,,,,,,,,,,,,,,,,,,,,,
전라남도,곡성군,,군청로,2,전라남도 곡성군 곡성읍 읍내리 846,122,,,,,,,,,,,,,,,,,,,,,,
전라남도,곡성군,,군청로,2,전라남도 곡성군 곡성읍 읍내리 846,123,,,,,,,,,,,,,,,,,,,,,,
전라남도,곡성군,,군청로,2,전라남도 곡성군 곡성읍 읍내리 846,124,,,,,,,,,,,,,,,,,,,,,,
전라남도,곡성군,,군청로,1,전라남도 곡성군 곡성읍 읍내리 846,125,,,,,,,,,,,,,,,,,,,,,,
전라남도,곡성군,,기차마을로,1,전라남도 곡성군 오곡면 오지리 285-3,126,,,,,,,,,,,,,,,,,,,,,,
전라남도,곡성군,,기차마을로,2,전라남도 곡성군 오곡면 오지리 1431,127,,,,,,,,,,,,,,,,,,,,,,
전라남도,곡성군,840번,기차마을로,2,전라남도 곡성군 오곡면 오지리 1418-1,128,,,,,,,,,,,,,,,,,,,,,,
전라남도,곡성군,840번,기차마을로,1,전라남도 곡성군 오곡면 오지리 1441-7,129,,,,,,,,,,,,,,,,,,,,,,
전라남도,곡성군,840번,기차마을로,1,전라남도 곡성군 오곡면 오지리 1441-7,130,,,,,,,,,,,,,,,,,,,,,,
전라남도,곡성군,840번,기차마을로,2,전라남도 곡성군 오곡면 오지리 467-2,131,,,,,,,,,,,,,,,,,,,,,,
전라남도,곡성군,840번,기차마을로,2,전라남도 곡성군 오곡면 오지리 467-2,132,,,,,,,,,,,,,,,,,,,,,,
전라남도,곡성군,840번,기차마을로,1,전라남도 곡성군 오곡면 오지리 1441-7,133,,,,,,,,,,,,,,,,,,,,,,
전라남도,곡성군,840번,기차마을로,1,전라남도 곡성군 오곡면 오지리 1441-7,134,,,,,,,,,,,,,,,,,,,,,,
전라남도,곡성군,840번,기차마을로,2,전라남도 곡성군 오곡면 오지리 1455,135,,,,,,,,,,,,,,,,,,,,,,
전라남도,곡성군,840번,기차마을로,2,전라남도 곡성군 오곡면 오지리 1455,136,,,,,,,,,,,,,,,,,,,,,,
전라남도,곡성군,840번,기차마을로,1,전라남도 곡성군 오곡면 오지리 1453,137,,,,,,,,,,,,,,,,,,,,,,
전라남도,곡성군,840번,기차마을로,1,전라남도 곡성군 오곡면 오지리 1214,138,,,,,,,,,,,,,,,,,,,,,,
전라남도,곡성군,840번,기차마을로,1,전라남도 곡성군 오곡면 오지리 1214,139,,,,,,,,,,,,,,,,,,,,,,
전라남도,곡성군,840번,기차마을로,1,전라남도 곡성군 오곡면 오지리 1214,140,,,,,,,,,,,,,,,,,,,,,,
전라남도,곡성군,840번,기차마을로,1,전라남도 곡성군 오곡면 오지리 1214,141,,,,,,,,,,,,,,,,,,,,,,
전라남도,곡성군,840번,기차마을로,1,전라남도 곡성군 오곡면 오지리 1214,142,,,,,,,,,,,,,,,,,,,,,,
전라남도,곡성군,840번,기차마을로,1,전라남도 곡성군 오곡면 오지리 1214,143,,,,,,,,,,,,,,,,,,,,,,
전라남도,곡성군,840번,기차마을로,2,전라남도 곡성군 오곡면 오지리 1214,144,,,,,,,,,,,,,,,,,,,,,,
전라남도,곡성군,840번,기차마을로,2,전라남도 곡성군 오곡면 오지리 1214,145,,,,,,,,,,,,,,,,,,,,,,
전라남도,곡성군,840번,기차마을로,1,전라남도 곡성군 오곡면 오지리 1469,146,,,,,,,,,,,,,,,,,,,,,,
전라남도,곡성군,840번,기차마을로,1,전라남도 곡성군 오곡면 오지리 1469,147,,,,,,,,,,,,,,,,,,,,,,
전라남도,곡성군,840번,기차마을로,1,전라남도 곡성군 오곡면 오지리 1469,148,,,,,,,,,,,,,,,,,,,,,,
전라남도,곡성군,840번,기차마을로,1,전라남도 곡성군 오곡면 오지리 1469,149,,,,,,,,,,,,,,,,,,,,,,
전라남도,곡성군,840번,기차마을로,2,전라남도 곡성군 오곡면 오지리 1469,150,,,,,,,,,,,,,,,,,,,,,,
전라남도,곡성군,840번,기차마을로,2,전라남도 곡성군 오곡면 오지리 1469,151,,,,,,,,,,,,,,,,,,,,,,
전라남도,곡성군,840번,기차마을로,1,전라남도 곡성군 오곡면 오지리 1469,152,,,,,,,,,,,,,,,,,,,,,,
전라남도,곡성군,840번,기차마을로,1,전라남도 곡성군 오곡면 오지리 1469,153,,,,,,,,,,,,,,,,,,,,,,
전라남도,곡성군,840번,기차마을로,1,전라남도 곡성군 오곡면 오지리 1469,154,,,,,,,,,,,,,,,,,,,,,,
전라남도,곡성군,840번,기차마을로,1,전라남도 곡성군 오곡면 오지리 1469,155,,,,,,,,,,,,,,,,,,,,,,
전라남도,곡성군,840번,기차마을로,2,전라남도 곡성군 오곡면 오지리 1469,156,,,,,,,,,,,,,,,,,,,,,,
전라남도,곡성군,840번,기차마을로,2,전라남도 곡성군 오곡면 오지리 1469,157,,,,,,,,,,,,,,,,,,,,,,
전라남도,곡성군,840번,낙동원로,2,전라남도 곡성군 곡성읍 학정리 739,158,,,,,,,,,,,,,,,,,,,,,,
전라남도,곡성군,840번,낙동원로,2,전라남도 곡성군 곡성읍 학정리 739,159,,,,,,,,,,,,,,,,,,,,,,
전라남도,곡성군,,대학로,2,전라남도 곡성군 옥과면 옥과리 238-4,160,,,,,,,,,,,,,,,,,,,,,,
전라남도,곡성군,,대학로,1,전라남도 곡성군 옥과면 리문리 519,161,,,,,,,,,,,,,,,,,,,,,,
전라남도,곡성군,,대학로,1,전라남도 곡성군 옥과면 리문리 519,162,,,,,,,,,,,,,,,,,,,,,,
전라남도,곡성군,,대학로,3,전라남도 곡성군 옥과면 죽림리 633,163,,,,,,,,,,,,,,,,,,,,,,
전라남도,곡성군,,대학로,2,전라남도 곡성군 옥과면 죽림리 633,164,,,,,,,,,,,,,,,,,,,,,,
전라남도,곡성군,18번,대황강로,2,전라남도 곡성군 목사동면 신전리 18-9,165,,,,,,,,,,,,,,,,,,,,,,
전라남도,곡성군,18번,대황강로,2,전라남도 곡성군 목사동면 평리 109-11,166,,,,,,,,,,,,,,,,,,,,,,
전라남도,곡성군,11번,대황강로,1,전라남도 곡성군 죽곡면 삼태리 산1-2,167,,,,,,,,,,,,,,,,,,,,,,
전라남도,곡성군,18번,대황강로,2,전라남도 곡성군 죽곡면 연화리 58-2,168,,,,,,,,,,,,,,,,,,,,,,
전라남도,곡성군,11번,대황강로,1,전라남도 곡성군 죽곡면 당동리 235-1,169,,,,,,,,,,,,,,,,,,,,,,
전라남도,곡성군,11번,대황강로,2,전라남도 곡성군 죽곡면 당동리 235-1,170,,,,,,,,,,,,,,,,,,,,,,
전라남도,곡성군,11번,대황강로,1,전라남도 곡성군 죽곡면 당동리 623,171,,,,,,,,,,,,,,,,,,,,,,
전라남도,곡성군,11번,대황강로,2,전라남도 곡성군 죽곡면 당동리 623,172,,,,,,,,,,,,,,,,,,,,,,
전라남도,곡성군,18번,대황강로,2,전라남도 곡성군 죽곡면 연화리 25-3,173,,,,,,,,,,,,,,,,,,,,,,
전라남도,곡성군,11번,대황강로,2,전라남도 곡성군 죽곡면 삼태리 산8-3,174,,,,,,,,,,,,,,,,,,,,,,
전라남도,곡성군,11번,대황강로,1,전라남도 곡성군 죽곡면 삼태리 산28-2,175,,,,,,,,,,,,,,,,,,,,,,
전라남도,곡성군,18번,대황강로,1,전라남도 곡성군 죽곡면 태평리 534-2,176,,,,,,,,,,,,,,,,,,,,,,
전라남도,곡성군,18번,대황강로,2,전라남도 곡성군 죽곡면 태평리 809,177,,,,,,,,,,,,,,,,,,,,,,
전라남도,곡성군,18번,대황강로,2,전라남도 곡성군 죽곡면 태평리 산25-2,178,,,,,,,,,,,,,,,,,,,,,,
전라남도,곡성군,18번,대황강로,1,전라남도 곡성군 죽곡면 용정리 266,179,,,,,,,,,,,,,,,,,,,,,,
전라남도,곡성군,18번,대황강로,2,전라남도 곡성군 죽곡면 용정리 229-2,180,,,,,,,,,,,,,,,,,,,,,,
전라남도,곡성군,18번,대황강로,1,전라남도 곡성군 죽곡면 용정리 274-2,181,,,,,,,,,,,,,,,,,,,,,,
전라남도,곡성군,18번,대황강로,2,전라남도 곡성군 죽곡면 용정리 89-1,182,,,,,,,,,,,,,,,,,,,,,,
전라남도,곡성군,18번,대황강로,1,전라남도 곡성군 오곡면 압록리 584,183,,,,,,,,,,,,,,,,,,,,,,
전라남도,곡성군,13번,무옥로,1,전라남도 곡성군 오산면 연화리 61-2,184,,,,,,,,,,,,,,,,,,,,,,
전라남도,곡성군,13번,무옥로,1,전라남도 곡성군 오산면 연화리 61-4,185,,,,,,,,,,,,,,,,,,,,,,
전라남도,곡성군,13번,무옥로,1,전라남도 곡성군 오산면 연화리 61-5,186,,,,,,,,,,,,,,,,,,,,,,
전라남도,곡성군,13번,무옥로,1,전라남도 곡성군 오산면 연화리 61-5,187,,,,,,,,,,,,,,,,,,,,,,
전라남도,곡성군,13번,무옥로,1,전라남도 곡성군 오산면 연화리 61-5,188,,,,,,,,,,,,,,,,,,,,,,
전라남도,곡성군,13번,무옥로,2,전라남도 곡성군 오산면 연화리 59-5,189,,,,,,,,,,,,,,,,,,,,,,
전라남도,곡성군,13번,무옥로,2,전라남도 곡성군 오산면 연화리 59-5,190,,,,,,,,,,,,,,,,,,,,,,41
전라남도,곡성군,13번,무옥로,1,전라남도 곡성군 오산면 연화리 59-5,191,,,,,,,,,,,,,,,,,,,,,,41
전라남도,곡성군,6번,산이재로,1,전라남도 곡성군 겸면 운교리 467-4,192,,,,,,,,,,,,,,,,,,,,,,
전라남도,곡성군,6번,산이재로,2,전라남도 곡성군 겸면 운교리 507-17,193,,,,,,,,,,,,,,,,,,,,,,
전라남도,곡성군,,삼인동길,2,전라남도 곡성군 곡성읍 읍내리 703-1,194,,,,,,,,,,,,,,,,,,,,,,
전라남도,곡성군,,삼인동길,1,전라남도 곡성군 곡성읍 학정리 535-19,195,,,,,,,,,,,,,,,,,,,,,,41
전라남도,곡성군,,삼인동길,2,전라남도 곡성군 곡성읍 학정리 535-19,196,,,,,,,,,,,,,,,,,,,,,,
전라남도,곡성군,,석곡로,1,전라남도 곡성군 석곡면 석곡리 533-1,197,,,,,,,,,,,,,,,,,,,,,,
전라남도,곡성군,,석곡로,1,전라남도 곡성군 석곡면 석곡리 532-27,198,,,,,,,,,,,,,,,,,,,,,,
전라남도,곡성군,,석곡로,1,전라남도 곡성군 석곡면 석곡리 532-1,199,,,,,,,,,,,,,,,,,,,,,,
전라남도,곡성군,,석곡로,1,전라남도 곡성군 석곡면 능파리 498-5,200,,,,,,,,,,,,,,,,,,,,,,
전라남도,곡성군,17번,섬진강로,1,전라남도 곡성군 죽곡면 하한리 859-3,201,,,,,,,,,,,,,,,,,,,,,,
전라남도,곡성군,17번,섬진강로,2,전라남도 곡성군 죽곡면 하한리 1034,202,,,,,,,,,,,,,,,,,,,,,,
전라남도,곡성군,17번,섬진강로,2,전라남도 곡성군 죽곡면 하한리 1020,203,,,,,,,,,,,,,,,,,,,,,,
전라남도,곡성군,17번,섬진강로,1,전라남도 곡성군 죽곡면 하한리 1020,204,,,,,,,,,,,,,,,,,,,,,,
전라남도,곡성군,17번,섬진강로,1,전라남도 곡성군 죽곡면 하한리 1020,205,,,,,,,,,,,,,,,,,,,,,,
전라남도,곡성군,17번,섬진강로,1,전라남도 곡성군 오곡면 압록리 117-3,207,,,,,,,,,,,,,,,,,,,,,,
전라남도,곡성군,17번,섬진강로,1,전라남도 곡성군 오곡면 압록리 117-3,208,,,,,,,,,,,,,,,,,,,,,,
전라남도,곡성군,17번,섬진강로,1,전라남도 곡성군 오곡면 압록리 595,209,,,,,,,,,,,,,,,,,,,,,,
전라남도,곡성군,17번,섬진강로,1,전라남도 곡성군 오곡면 압록리 595,210,,,,,,,,,,,,,,,,,,,,,,
전라남도,곡성군,17번,섬진강로,2,전라남도 곡성군 오곡면 압록리 584,214,,,,,,,,,,,,,,,,,,,,,,
전라남도,곡성군,17번,섬진강로,2,전라남도 곡성군 오곡면 압록리 584,215,,,,,,,,,,,,,,,,,,,,,,
전라남도,곡성군,17번,섬진강로,1,전라남도 곡성군 오곡면 압록리 597,217,,,,,,,,,,,,,,,,,,,,,,
전라남도,곡성군,17번,섬진강로,1,전라남도 곡성군 오곡면 압록리 597,218,,,,,,,,,,,,,,,,,,,,,,
전라남도,곡성군,17번,섬진강로,1,전라남도 곡성군 오곡면 압록리 388,219,,,,,,,,,,,,,,,,,,,,,,
전라남도,곡성군,17번,섬진강로,2,전라남도 곡성군 오곡면 압록리 571,220,,,,,,,,,,,,,,,,,,,,,,
전라남도,곡성군,17번,섬진강로,1,전라남도 곡성군 오곡면 송정리 49,222,,,,,,,,,,,,,,,,,,,,,,
전라남도,곡성군,17번,섬진강로,1,전라남도 곡성군 오곡면 송정리 49,223,,,,,,,,,,,,,,,,,,,,,,
전라남도,곡성군,17번,섬진강로,1,전라남도 곡성군 오곡면 송정리 49,224,,,,,,,,,,,,,,,,,,,,,,
전라남도,곡성군,17번,섬진강로,1,전라남도 곡성군 오곡면 송정리 49,225,,,,,,,,,,,,,,,,,,,,,,
전라남도,곡성군,17번,섬진강로,2,전라남도 곡성군 오곡면 송정리 317,226,,,,,,,,,,,,,,,,,,,,,,
전라남도,곡성군,17번,섬진강로,2,전라남도 곡성군 오곡면 송정리 317,227,,,,,,,,,,,,,,,,,,,,,,
전라남도,곡성군,17번,섬진강로,2,전라남도 곡성군 오곡면 송정리 317,228,,,,,,,,,,,,,,,,,,,,,,
전라남도,곡성군,17번,섬진강로,2,전라남도 곡성군 오곡면 송정리 317,229,,,,,,,,,,,,,,,,,,,,,,
전라남도,곡성군,17번,섬진강로,1,전라남도 곡성군 오곡면 송정리 49,231,,,,,,,,,,,,,,,,,,,,,,
전라남도,곡성군,17번,섬진강로,1,전라남도 곡성군 오곡면 송정리 49,232,,,,,,,,,,,,,,,,,,,,,,
전라남도,곡성군,17번,섬진강로,1,전라남도 곡성군 오곡면 침곡리 48-2,235,,,,,,,,,,,,,,,,,,,,,,
전라남도,곡성군,17번,섬진강로,1,전라남도 곡성군 오곡면 침곡리 48-2,236,,,,,,,,,,,,,,,,,,,,,,
전라남도,곡성군,17번,섬진강로,2,전라남도 곡성군 오곡면 침곡리 276,237,,,,,,,,,,,,,,,,,,,,,,
전라남도,곡성군,17번,섬진강로,2,전라남도 곡성군 오곡면 침곡리 276,238,,,,,,,,,,,,,,,,,,,,,,
전라남도,곡성군,17번,섬진강로,1,전라남도 곡성군 곡성읍 대평리 1204-10,239,,,,,,,,,,,,,,,,,,,,,,
전라남도,곡성군,17번,섬진강로,1,전라남도 곡성군 곡성읍 대평리 1204-10,240,,,,,,,,,,,,,,,,,,,,,,
전라남도,곡성군,17번,섬진강로,1,전라남도 곡성군 곡성읍 대평리 1204-10,241,,,,,,,,,,,,,,,,,,,,,,
전라남도,곡성군,17번,섬진강로,1,전라남도 곡성군 곡성읍 대평리 1204-10,242,,,,,,,,,,,,,,,,,,,,,,
전라남도,곡성군,17번,섬진강로,2,전라남도 곡성군 곡성읍 대평리 1204-9,243,,,,,,,,,,,,,,,,,,,,,,
전라남도,곡성군,17번,섬진강로,2,전라남도 곡성군 곡성읍 대평리 1204-9,244,,,,,,,,,,,,,,,,,,,,,,
전라남도,곡성군,17번,섬진강로,2,전라남도 곡성군 곡성읍 대평리 1204-9,245,,,,,,,,,,,,,,,,,,,,,,
전라남도,곡성군,17번,섬진강로,2,전라남도 곡성군 곡성읍 대평리 1204-9,246,,,,,,,,,,,,,,,,,,,,,,
전라남도,곡성군,17번,섬진강로,3,전라남도 곡성군 곡성읍 장선리 989,247,,,,,,,,,,,,,,,,,,,,,,
전라남도,곡성군,17번,섬진강로,2,전라남도 곡성군 곡성읍 장선리 988-1,248,,,,,,,,,,,,,,,,,,,,,,
전라남도,곡성군,17번,섬진강로,2,전라남도 곡성군 곡성읍 장선리 988-1,249,,,,,,,,,,,,,,,,,,,,,,
전라남도,곡성군,17번,섬진강로,3,전라남도 곡성군 곡성읍 장선리 988-1,250,,,,,,,,,,,,,,,,,,,,,,
전라남도,곡성군,17번,섬진강로,2,전라남도 곡성군 곡성읍 장선리 176-7,251,,,,,,,,,,,,,,,,,,,,,,
전라남도,곡성군,17번,섬진강로,2,전라남도 곡성군 곡성읍 장선리 176-7,252,,,,,,,,,,,,,,,,,,,,,,
전라남도,곡성군,17번,섬진강로,1,전라남도 곡성군 곡성읍 장선리 988-1,253,,,,,,,,,,,,,,,,,,,,,,
전라남도,곡성군,17번,섬진강로,1,전라남도 곡성군 곡성읍 장선리 988-1,254,,,,,,,,,,,,,,,,,,,,,,
전라남도,곡성군,17번,섬진강로,1,전라남도 곡성군 곡성읍 장선리 1083,255,,,,,,,,,,,,,,,,,,,,,,
전라남도,곡성군,17번,섬진강로,1,전라남도 곡성군 곡성읍 장선리 1083,256,,,,,,,,,,,,,,,,,,,,,,
전라남도,곡성군,17번,섬진강로,3,전라남도 곡성군 곡성읍 장선리 986,257,,,,,,,,,,,,,,,,,,,,,,
전라남도,곡성군,17번,섬진강로,3,전라남도 곡성군 곡성읍 장선리 1066,258,,,,,,,,,,,,,,,,,,,,,,
전라남도,곡성군,8번,송전로,1,전라남도 곡성군 입면 창정리 281-1,259,,,,,,,,,,,,,,,,,,,,,,
전라남도,곡성군,8번,송전로,2,전라남도 곡성군 입면 창정리 281-1,260,,,,,,,,,,,,,,,,,,,,,,
전라남도,곡성군,8번,송전로,2,전라남도 곡성군 입면 송전리 1279,261,,,,,,,,,,,,,,,,,,,,,,
전라남도,곡성군,8번,송전로,2,전라남도 곡성군 입면 송전리 1279,262,,,,,,,,,,,,,,,,,,,,,,
전라남도,곡성군,13번,송전종방길 종방교차로,1,전라남도 곡성군 입면 송전리 1120-18,263,,,,,,,,,,,,,,,,,,,,,,
전라남도,곡성군,13번,송전종방길 종방교차로,1,전라남도 곡성군 입면 송전리 1120-18,264,,,,,,,,,,,,,,,,,,,,,,
전라남도,곡성군,13번,송전종방길 종방교차로,2,전라남도 곡성군 입면 송전리 1120-18,265,,,,,,,,,,,,,,,,,,,,,,
전라남도,곡성군,13번,송전종방길 종방교차로,2,전라남도 곡성군 입면 송전리 1120-18,266,,,,,,,,,,,,,,,,,,,,,,
전라남도,곡성군,13번,송전종방길 종방교차로,1,전라남도 곡성군 입면 송전리 1120-18,269,,,,,,,,,,,,,,,,,,,,,,
전라남도,곡성군,13번,송전종방길 종방교차로,2,전라남도 곡성군 입면 송전리 1120-18,270,,,,,,,,,,,,,,,,,,,,,,
전라남도,곡성군,13번,송전종방길 종방교차로,1,전라남도 곡성군 입면 송전리 1119-4,271,,,,,,,,,,,,,,,,,,,,,,
전라남도,곡성군,13번,송전종방길 종방교차로,1,전라남도 곡성군 입면 송전리 1119-4,272,,,,,,,,,,,,,,,,,,,,,,
전라남도,곡성군,13번,송전종방길 종방교차로,2,전라남도 곡성군 입면 송전리 1119-4,273,,,,,,,,,,,,,,,,,,,,,,
전라남도,곡성군,13번,송전종방길 종방교차로,2,전라남도 곡성군 입면 송전리 1119-4,274,,,,,,,,,,,,,,,,,,,,,,
전라남도,곡성군,15번,오산로,1,전라남도 곡성군 오산면 봉동리 923-1,277,,,,,,,,,,,,,,,,,,,,,,
전라남도,곡성군,15번,오산로,2,전라남도 곡성군 오산면 봉동리 617-1,278,,,,,,,,,,,,,,,,,,,,,,
전라남도,곡성군,15번,오산로,1,전라남도 곡성군 오산면 봉동리 923-1,279,,,,,,,,,,,,,,,,,,,,,,
전라남도,곡성군,15번,오산로,2,전라남도 곡성군 오산면 봉동리 359-1,280,,,,,,,,,,,,,,,,,,,,,,
전라남도,곡성군,15번,오산로,1,전라남도 곡성군 오산면 봉동리 923-1,281,,,,,,,,,,,,,,,,,,,,,,
전라남도,곡성군,15번,오산로,2,전라남도 곡성군 오산면 봉동리 937-1,282,,,,,,,,,,,,,,,,,,,,,,
전라남도,곡성군,15번,오산로,2,전라남도 곡성군 오산면 봉동리 362-1,283,,,,,,,,,,,,,,,,,,,,,,
전라남도,곡성군,15번,오산로,1,전라남도 곡성군 오산면 연화리 123-1,284,,,,,,,,,,,,,,,,,,,,,,
전라남도,곡성군,15번,오산로,2,전라남도 곡성군 오산면 연화리 1063-1,285,,,,,,,,,,,,,,,,,,,,,,
전라남도,곡성군,840번,오죽로,1,전라남도 곡성군 죽곡면 태평리 395-6,286,,,,,,,,,,,,,,,,,,,,,,
전라남도,곡성군,840번,오죽로,1,전라남도 곡성군 죽곡면 태평리 392-3,287,,,,,,,,,,,,,,,,,,,,,,
전라남도,곡성군,840번,오죽로,1,전라남도 곡성군 죽곡면 태평리 392-3,288,,,,,,,,,,,,,,,,,,,,,,
전라남도,곡성군,840번,오죽로,1,전라남도 곡성군 죽곡면 태평리 392-3,289,,,,,,,,,,,,,,,,,,,,,,
전라남도,곡성군,840번,오죽로,2,전라남도 곡성군 죽곡면 태평리 392-7,290,,,,,,,,,,,,,,,,,,,,,,
전라남도,곡성군,840번,오죽로,2,전라남도 곡성군 죽곡면 태평리 392-7,291,,,,,,,,,,,,,,,,,,,,,,
전라남도,곡성군,840번,오죽로,2,전라남도 곡성군 죽곡면 태평리 616-11,294,,,,,,,,,,,,,,,,,,,,,,
전라남도,곡성군,840번,오죽로,1,전라남도 곡성군 오곡면 오지리 378-26,295,,,,,,,,,,,,,,,,,,,,,,
전라남도,곡성군,840번,오죽로,1,전라남도 곡성군 오곡면 오지리 378-26,296,,,,,,,,,,,,,,,,,,,,,,
전라남도,곡성군,13번,옥순로,1,전라남도 곡성군 옥과면 리문리 476-2,297,,,,,,,,,,,,,,,,,,,,,,
전라남도,곡성군,13번,옥순로,1,전라남도 곡성군 옥과면 리문리 476-2,298,,,,,,,,,,,,,,,,,,,,,,
전라남도,곡성군,13번,옥순로,2,전라남도 곡성군 옥과면 리문리 476-2,299,,,,,,,,,,,,,,,,,,,,,,
전라남도,곡성군,13번,옥순로,1,전라남도 곡성군 옥과면 리문리 437-9,300,,,,,,,,,,,,,,,,,,,,,,
전라남도,곡성군,13번,옥순로,1,전라남도 곡성군 옥과면 리문리 437-9,301,,,,,,,,,,,,,,,,,,,,,,
전라남도,곡성군,13번,옥순로,3,전라남도 곡성군 옥과면 리문리 437-8,302,,,,,,,,,,,,,,,,,,,,,,
전라남도,곡성군,13번,옥순로,2,전라남도 곡성군 옥과면 리문리 437-8,303,,,,,,,,,,,,,,,,,,,,,,
전라남도,곡성군,13번,옥순로,1,전라남도 곡성군 옥과면 리문리 437-7,304,,,,,,,,,,,,,,,,,,,,,,
전라남도,곡성군,13번,옥순로,2,전라남도 곡성군 옥과면 리문리 437-7,305,,,,,,,,,,,,,,,,,,,,,,
전라남도,곡성군,13번,옥순로,2,전라남도 곡성군 옥과면 리문리 437-7,306,,,,,,,,,,,,,,,,,,,,,,
전라남도,곡성군,13번,옥순로,2,전라남도 곡성군 옥과면 무창리 산38-1,307,,,,,,,,,,,,,,,,,,,,,,
전라남도,곡성군,13번,용두길,1,전라남도 곡성군 옥과면 리문리 347-8,308,,,,,,,,,,,,,,,,,,,,,,
전라남도,곡성군,13번,용두길,2,전라남도 곡성군 옥과면 리문리 347-8,309,,,,,,,,,,,,,,,,,,,,,,
전라남도,곡성군,13번,용두길,2,전라남도 곡성군 옥과면 리문리 347-8,310,,,,,,,,,,,,,,,,,,,,,,
전라남도,곡성군,8번,월파로,1,전라남도 곡성군 옥과면 합강리 237-9,311,,,,,,,,,,,,,,,,,,,,,,
전라남도,곡성군,8번,월파로,2,전라남도 곡성군 옥과면 합강리 401-5,312,,,,,,,,,,,,,,,,,,,,,,
전라남도,곡성군,,읍내11길,1,전라남도 곡성군 곡성읍 읍내리 718-3,313,,,,,,,,,,,,,,,,,,,,,,
전라남도,곡성군,,읍내11길,1,전라남도 곡성군 곡성읍 읍내리 710-2,314,,,,,,,,,,,,,,,,,,,,,,
전라남도,곡성군,13번,입면로,1,전라남도 곡성군 옥과면 무창리 1139-1,315,,,,,,,,,,,,,,,,,,,,,,
전라남도,곡성군,13번,입면로,1,전라남도 곡성군 옥과면 무창리 1139-1,316,,,,,,,,,,,,,,,,,,,,,,
전라남도,곡성군,13번,입면로,1,전라남도 곡성군 옥과면 무창리 991-2,318,,,,,,,,,,,,,,,,,,,,,,
전라남도,곡성군,13번,입면로,1,전라남도 곡성군 옥과면 무창리 991-2,319,,,,,,,,,,,,,,,,,,,,,,
전라남도,곡성군,13번,입면로,2,전라남도 곡성군 옥과면 무창리 717-4,320,,,,,,,,,,,,,,,,,,,,,,
전라남도,곡성군,13번,입면로,2,전라남도 곡성군 옥과면 무창리 717-4,321,,,,,,,,,,,,,,,,,,,,,,
전라남도,곡성군,13번,입면로,2,전라남도 곡성군 옥과면 무창리 1133-1,323,,,,,,,,,,,,,,,,,,,,,,
전라남도,곡성군,13번,입면로,2,전라남도 곡성군 옥과면 무창리 1133-1,324,,,,,,,,,,,,,,,,,,,,,,
전라남도,곡성군,13번,입면로,1,전라남도 곡성군 겸면 마전리 972-2,325,,,,,,,,,,,,,,,,,,,,,,
전라남도,곡성군,13번,입면로,2,전라남도 곡성군 겸면 마전리 971-2,326,,,,,,,,,,,,,,,,,,,,,,
전라남도,곡성군,13번,입면로,1,전라남도 곡성군 겸면 마전리 산120-9,329,,,,,,,,,,,,,,,,,,,,,,
전라남도,곡성군,13번,입면로,2,전라남도 곡성군 겸면 마전리 1179,330,,,,,,,,,,,,,,,,,,,,,,
전라남도,곡성군,1번,입면로,1,전라남도 곡성군 입면 매월리 586-11,331,,,,,,,,,,,,,,,,,,,,,,
전라남도,곡성군,1번,입면로,2,전라남도 곡성군 입면 매월리 584-6,332,,,,,,,,,,,,,,,,,,,,,,
전라남도,곡성군,13번,입면로,1,전라남도 곡성군 입면 창정리 260-1,333,,,,,,,,,,,,,,,,,,,,,,
전라남도,곡성군,13번,입면로,1,전라남도 곡성군 입면 창정리 260-1,334,,,,,,,,,,,,,,,,,,,,,,
전라남도,곡성군,13번,입면로,2,전라남도 곡성군 입면 창정리 260-1,335,,,,,,,,,,,,,,,,,,,,,,
전라남도,곡성군,13번,입면로,1,전라남도 곡성군 입면 창정리 269-1,336,,,,,,,,,,,,,,,,,,,,,,
전라남도,곡성군,13번,입면로,2,전라남도 곡성군 입면 창정리 269-1,337,,,,,,,,,,,,,,,,,,,,,,
전라남도,곡성군,13번,입면로,1,전라남도 곡성군 입면 창정리 269-1,338,,,,,,,,,,,,,,,,,,,,,,
전라남도,곡성군,13번,입면로,2,전라남도 곡성군 입면 창정리 269-1,339,,,,,,,,,,,,,,,,,,,,,,
전라남도,곡성군,840번,입면로,1,전라남도 곡성군 입면 창정리 48-2,340,,,,,,,,,,,,,,,,,,,,,,
전라남도,곡성군,13번,입면로,1,전라남도 곡성군 입면 창정리 165-1,341,,,,,,,,,,,,,,,,,,,,,,
전라남도,곡성군,13번,입면로,2,전라남도 곡성군 입면 창정리 165-1,342,,,,,,,,,,,,,,,,,,,,,,
전라남도,곡성군,840번,입면로,2,전라남도 곡성군 입면 창정리 292-6,343,,,,,,,,,,,,,,,,,,,,,,
전라남도,곡성군,13번,입면로,1,전라남도 곡성군 입면 창정리 97-5,344,,,,,,,,,,,,,,,,,,,,,,
전라남도,곡성군,13번,입면로,1,전라남도 곡성군 입면 창정리 97-5,345,,,,,,,,,,,,,,,,,,,,,,
전라남도,곡성군,13번,입면로,2,전라남도 곡성군 입면 창정리 97-6,346,,,,,,,,,,,,,,,,,,,,,,
전라남도,곡성군,27번,입면로,3,전라남도 곡성군 입면 창정리 98-2,347,,,,,,,,,,,,,,,,,,,,,,
전라남도,곡성군,13번,입면로,1,전라남도 곡성군 입면 창정리 289-1,348,,,,,,,,,,,,,,,,,,,,,,
전라남도,곡성군,13번,입면로,1,전라남도 곡성군 입면 창정리 97-3,349,,,,,,,,,,,,,,,,,,,,,,
전라남도,곡성군,13번,입면로,1,전라남도 곡성군 입면 창정리 97-3,350,,,,,,,,,,,,,,,,,,,,,,
전라남도,곡성군,27번,입면로,3,전라남도 곡성군 입면 창정리 97-8,351,,,,,,,,,,,,,,,,,,,,,,
전라남도,곡성군,13번,입면로,1,전라남도 곡성군 입면 창정리 289-1,352,,,,,,,,,,,,,,,,,,,,,,
전라남도,곡성군,840번,입면로,3,전라남도 곡성군 입면 창정리 288-29,353,,,,,,,,,,,,,,,,,,,,,,
전라남도,곡성군,13번,입면로,2,전라남도 곡성군 입면 창정리 288-30,354,,,,,,,,,,,,,,,,,,,,,,
전라남도,곡성군,13번,입면로,2,전라남도 곡성군 입면 창정리 288-30,355,,,,,,,,,,,,,,,,,,,,,,
전라남도,곡성군,18번,주목로,1,전라남도 곡성군 목사동면 신전리 24-5,356,,,,,,,,,,,,,,,,,,,,,,
전라남도,곡성군,18번,주목로,1,전라남도 곡성군 목사동면 신전리 24-5,357,,,,,,,,,,,,,,,,,,,,,,
전라남도,곡성군,18번,주목로,1,전라남도 곡성군 목사동면 신전리 18-9,359,,,,,,,,,,,,,,,,,,,,,,
전라남도,곡성군,18번,주목로,1,전라남도 곡성군 목사동면 평리 339-1,360,,,,,,,,,,,,,,,,,,,,,,
전라남도,곡성군,18번,주목로,1,전라남도 곡성군 죽곡면 연화리 61,361,,,,,,,,,,,,,,,,,,,,,,
전라남도,곡성군,27번,주석로,2,전라남도 곡성군 석곡면 유정리 376-5,362,,,,,,,,,,,,,,,,,,,,,,
전라남도,곡성군,27번,주석로,1,전라남도 곡성군 석곡면 유정리 376-2,363,,,,,,,,,,,,,,,,,,,,,,
전라남도,곡성군,27번,주석로,2,전라남도 곡성군 석곡면 유정리 376-2,364,,,,,,,,,,,,,,,,,,,,,,
전라남도,곡성군,27번,주석로,1,전라남도 곡성군 석곡면 석곡리 533-36,365,,,,,,,,,,,,,,,,,,,,,,
전라남도,곡성군,27번,주석로,1,전라남도 곡성군 석곡면 석곡리 533-26,366,,,,,,,,,,,,,,,,,,,,,,
전라남도,곡성군,27번,주석로,1,전라남도 곡성군 석곡면 석곡리 285-2,367,,,,,,,,,,,,,,,,,,,,,,
전라남도,곡성군,27번,주석로,2,전라남도 곡성군 석곡면 석곡리 285-2,368,,,,,,,,,,,,,,,,,,,,,,
전라남도,곡성군,27번,주석로,2,전라남도 곡성군 석곡면 석곡리 285-2,369,,,,,,,,,,,,,,,,,,,,,,
전라남도,곡성군,27번,주석로,2,전라남도 곡성군 석곡면 석곡리 281-5,370,,,,,,,,,,,,,,,,,,,,,,
전라남도,곡성군,27번,주석로,2,전라남도 곡성군 석곡면 석곡리 281-5,371,,,,,,,,,,,,,,,,,,,,,,
전라남도,곡성군,,중앙로,2,전라남도 곡성군 곡성읍 읍내리 846,374,,,,,,,,,,,,,,,,,,,,,,
전라남도,곡성군,,중앙로,2,전라남도 곡성군 곡성읍 읍내리 846,375,,,,,,,,,,,,,,,,,,,,,,
전라남도,곡성군,,중앙로,2,전라남도 곡성군 곡성읍 읍내리 846,377,,,,,,,,,,,,,,,,,,,,,,
전라남도,곡성군,,중앙로,2,전라남도 곡성군 곡성읍 읍내리 846,378,,,,,,,,,,,,,,,,,,,,,,
전라남도,곡성군,,중앙로,1,전라남도 곡성군 곡성읍 읍내리 387,379,,,,,,,,,,,,,,,,,,,,,,
전라남도,곡성군,,중앙로,1,전라남도 곡성군 곡성읍 읍내리 387,380,,,,,,,,,,,,,,,,,,,,,,
전라남도,곡성군,,중앙로,1,전라남도 곡성군 곡성읍 읍내리 846,382,,,,,,,,,,,,,,,,,,,,,,
전라남도,곡성군,,중앙로,1,전라남도 곡성군 곡성읍 읍내리 846,383,,,,,,,,,,,,,,,,,,,,,,
전라남도,곡성군,,천변로,2,전라남도 곡성군 옥과면 율사리 534-51,384,,,,,,,,,,,,,,,,,,,,,,
전라남도,곡성군,,천변로,1,전라남도 곡성군 옥과면 리문리 342-3,385,,,,,,,,,,,,,,,,,,,,,,
전라남도,곡성군,,천변로,2,전라남도 곡성군 옥과면 리문리 355-3,386,,,,,,,,,,,,,,,,,,,,,,
전라남도,곡성군,,천변로,1,전라남도 곡성군 옥과면 리문리 342-3,387,,,,,,,,,,,,,,,,,,,,,,
전라남도,곡성군,,천변로,1,전라남도 곡성군 옥과면 리문리 272-2,388,,,,,,,,,,,,,,,,,,,,,,
전라남도,곡성군,,천변로,2,전라남도 곡성군 옥과면 리문리 511-5,389,,,,,,,,,,,,,,,,,,,,,,
전라남도,곡성군,,천변로,1,전라남도 곡성군 옥과면 죽림리 215-1,390,,,,,,,,,,,,,,,,,,,,,,
전라남도,곡성군,,천변로,1,전라남도 곡성군 옥과면 죽림리 215-1,391,,,,,,,,,,,,,,,,,,,,,,
전라남도,곡성군,,천변로,1,전라남도 곡성군 옥과면 리문리 155-8,392,,,,,,,,,,,,,,,,,,,,,,
전라남도,곡성군,,천변로,1,전라남도 곡성군 옥과면 리문리 155-8,393,,,,,,,,,,,,,,,,,,,,,,
전라남도,곡성군,840번,청계동로,1,전라남도 곡성군 곡성읍 신기리 산168-1,394,,,,,,,,,,,,,,,,,,,,,,
전라남도,곡성군,840번,청계동로,1,전라남도 곡성군 곡성읍 신기리 산168-1,395,,,,,,,,,,,,,,,,,,,,,,
전라남도,곡성군,840번,청계동로,2,전라남도 곡성군 곡성읍 신기리 산188-2,396,,,,,,,,,,,,,,,,,,,,,,
전라남도,곡성군,840번,태안로,1,전라남도 곡성군 죽곡면 동계리 227-3,397,,,,,,,,,,,,,,,,,,,,,,
전라남도,곡성군,840번,태안로,2,전라남도 곡성군 죽곡면 동계리 227-3,398,,,,,,,,,,,,,,,,,,,,,,
전라남도,곡성군,,학교로,2,전라남도 곡성군 곡성읍 읍내리 717-2,399,,,,,,,,,,,,,,,,,,,,,,
전라남도,곡성군,,학교로,1,전라남도 곡성군 곡성읍 읍내리 717-2,400,,,,,,,,,,,,,,,,,,,,,,
전라남도,곡성군,,학교로,2,전라남도 곡성군 곡성읍 읍내리 710-2,401,,,,,,,,,,,,,,,,,,,,,,
